entity,project,run_id,run_name,run_path,state,created_at,updated_at,url,_step,loss/total,loss/mse,loss/lpips,loss/flow_mse,loss/bootstrap_mse,loss/loss_emp,loss/loss_self,stats/psnr,stats/keep_prob,stats/masked_frac,stats/action_shuffle_loss_ratio,stats/sigma_mean,stats/B_self,eval/mse_pred,eval/mse_floor,eval/mse_ratio_pred_over_floor,eval/psnr_pred,eval/psnr_floor,eval/psnr_gain_over_floor_db,eval/mse_pred_t1,eval/mse_pred_tmid,eval/mse_pred_tend,eval/mse_floor_t1,eval/mse_floor_tmid,eval/mse_floor_tend,debug/z_std,amp/scale,lr,time/hrs
jerrychsh-ucsd,dreamer4-dynamics,qrmkey4s,pusht-dynamics,jerrychsh-ucsd/dreamer4-dynamics/qrmkey4s,killed,2026-05-02T20:33:10Z,,https://wandb.ai/jerrychsh-ucsd/dreamer4-dynamics/runs/qrmkey4s,0,0.36368459463119507,,,0.9758489727973938,0,0.48491278290748596,0,,,,0.9668713808059692,0.3798828125,6,0.0042237695306539536,0.002191136358305812,1.927661657333374,23.742998123168945,26.593305587768555,-2.8503074645996094,0.003154811216518283,0.0045228502713143826,0.0035224135499447584,0.00044417608296498656,0.00213446281850338,0.0036431713961064816,,,0.0001,0.0021061764823065866
jerrychsh-ucsd,dreamer4-dynamics,qrmkey4s,pusht-dynamics,jerrychsh-ucsd/dreamer4-dynamics/qrmkey4s,killed,2026-05-02T20:33:10Z,,https://wandb.ai/jerrychsh-ucsd/dreamer4-dynamics/runs/qrmkey4s,200,0.06675940752029419,,,0.19953958690166473,0,0.08901254087686539,0,,,,0.9723453521728516,0.3844401240348816,6,,,,,,,,,,,,,,,0.0001,0.1104734088977178
jerrychsh-ucsd,dreamer4-dynamics,qrmkey4s,pusht-dynamics,jerrychsh-ucsd/dreamer4-dynamics/qrmkey4s,killed,2026-05-02T20:33:10Z,,https://wandb.ai/jerrychsh-ucsd/dreamer4-dynamics/runs/qrmkey4s,400,0.041097357869148254,,,0.13299861550331116,0,0.054796475917100906,0,,,,1.0063921213150024,0.3849284052848816,6,,,,,,,,,,,,,,,0.0001,0.2190005131562551
jerrychsh-ucsd,dreamer4-dynamics,qrmkey4s,pusht-dynamics,jerrychsh-ucsd/dreamer4-dynamics/qrmkey4s,killed,2026-05-02T20:33:10Z,,https://wandb.ai/jerrychsh-ucsd/dreamer4-dynamics/runs/qrmkey4s,600,0.03392326086759567,,,0.11937672644853592,0,0.045231010764837265,0,,,,1.0018385648727417,0.3837890625,6,,,,,,,,,,,,,,,0.0001,0.3275342734654744
jerrychsh-ucsd,dreamer4-dynamics,qrmkey4s,pusht-dynamics,jerrychsh-ucsd/dreamer4-dynamics/qrmkey4s,killed,2026-05-02T20:33:10Z,,https://wandb.ai/jerrychsh-ucsd/dreamer4-dynamics/runs/qrmkey4s,800,0.025181105360388756,,,0.0898447260260582,0,0.03357480466365814,0,,,,0.9995740056037903,0.3888346552848816,6,,,,,,,,,,,,,,,0.0001,0.4360534369283252
jerrychsh-ucsd,dreamer4-dynamics,qrmkey4s,pusht-dynamics,jerrychsh-ucsd/dreamer4-dynamics/qrmkey4s,killed,2026-05-02T20:33:10Z,,https://wandb.ai/jerrychsh-ucsd/dreamer4-dynamics/runs/qrmkey4s,1000,0.024620771408081055,,,0.09535695612430573,0,0.03282769396901131,0,,,,0.9198992252349854,0.365234375,6,0.0028421382885426283,0.002720562508329749,1.0446877479553223,25.463550567626953,25.653411865234375,-0.18986129760742188,0.001070576487109065,0.0033457125537097454,0.0035282433964312077,0.000613421609159559,0.0026974945794790983,0.0044445558451116085,,,0.0001,0.5449032853709327
jerrychsh-ucsd,dreamer4-dynamics,qrmkey4s,pusht-dynamics,jerrychsh-ucsd/dreamer4-dynamics/qrmkey4s,killed,2026-05-02T20:33:10Z,,https://wandb.ai/jerrychsh-ucsd/dreamer4-dynamics/runs/qrmkey4s,1200,0.023314770311117172,,,0.08919534087181091,0,0.031086359173059464,0,,,,0.9561740159988403,0.3746744990348816,6,,,,,,,,,,,,,,,0.0001,0.6534265955289205
jerrychsh-ucsd,dreamer4-dynamics,qrmkey4s,pusht-dynamics,jerrychsh-ucsd/dreamer4-dynamics/qrmkey4s,killed,2026-05-02T20:33:10Z,,https://wandb.ai/jerrychsh-ucsd/dreamer4-dynamics/runs/qrmkey4s,1400,0.02135210856795311,,,0.08087471127510071,0,0.028469476848840714,0,,,,1.0309964418411255,0.3785807490348816,6,,,,,,,,,,,,,,,0.0001,0.7619426746500862
jerrychsh-ucsd,dreamer4-dynamics,qrmkey4s,pusht-dynamics,jerrychsh-ucsd/dreamer4-dynamics/qrmkey4s,killed,2026-05-02T20:33:10Z,,https://wandb.ai/jerrychsh-ucsd/dreamer4-dynamics/runs/qrmkey4s,1600,0.018237357959151268,,,0.07418261468410492,0,0.02431647665798664,0,,,,0.9389614462852478,0.3719075620174408,6,,,,,,,,,,,,,,,0.0001,0.8704692608118058
jerrychsh-ucsd,dreamer4-dynamics,qrmkey4s,pusht-dynamics,jerrychsh-ucsd/dreamer4-dynamics/qrmkey4s,killed,2026-05-02T20:33:10Z,,https://wandb.ai/jerrychsh-ucsd/dreamer4-dynamics/runs/qrmkey4s,1800,0.018852636218070984,,,0.07745260745286942,0,0.025136848911643028,0,,,,0.9054493308067322,0.3629557490348816,6,,,,,,,,,,,,,,,0.0001,0.9789902263217503
jerrychsh-ucsd,dreamer4-dynamics,qrmkey4s,pusht-dynamics,jerrychsh-ucsd/dreamer4-dynamics/qrmkey4s,killed,2026-05-02T20:33:10Z,,https://wandb.ai/jerrychsh-ucsd/dreamer4-dynamics/runs/qrmkey4s,2000,0.015937726944684982,,,0.06849651783704758,0,0.021250301972031593,0,,,,0.95002281665802,0.37158203125,6,0.0027260836213827133,0.0020271986722946167,1.3447540998458862,25.644607543945312,26.93103790283203,-1.2864303588867188,0.0014004914555698633,0.0034300372935831547,0.002624508459120989,0.00068167585413903,0.0019427668303251266,0.0027249741833657026,,,0.0001,1.0878455176618365
jerrychsh-ucsd,dreamer4-dynamics,qrmkey4s,pusht-dynamics,jerrychsh-ucsd/dreamer4-dynamics/qrmkey4s,killed,2026-05-02T20:33:10Z,,https://wandb.ai/jerrychsh-ucsd/dreamer4-dynamics/runs/qrmkey4s,2200,0.016715219244360924,,,0.06761035323143005,0,0.02228695899248123,0,,,,1.0476114749908447,0.3883463740348816,6,,,,,,,,,,,,,,,0.0001,1.1963648858335283
jerrychsh-ucsd,dreamer4-dynamics,qrmkey4s,pusht-dynamics,jerrychsh-ucsd/dreamer4-dynamics/qrmkey4s,killed,2026-05-02T20:33:10Z,,https://wandb.ai/jerrychsh-ucsd/dreamer4-dynamics/runs/qrmkey4s,2400,0.014416277408599854,,,0.06456121802330017,0,0.019221702590584755,0,,,,1.0176838636398315,0.3917643427848816,6,,,,,,,,,,,,,,,0.0001,1.3049016433291964
jerrychsh-ucsd,dreamer4-dynamics,qrmkey4s,pusht-dynamics,jerrychsh-ucsd/dreamer4-dynamics/qrmkey4s,killed,2026-05-02T20:33:10Z,,https://wandb.ai/jerrychsh-ucsd/dreamer4-dynamics/runs/qrmkey4s,2600,0.014912167564034462,,,0.06266473978757858,0,0.019882889464497566,0,,,,0.9484744071960449,0.3779296875,6,,,,,,,,,,,,,,,0.0001,1.4134215595324835
jerrychsh-ucsd,dreamer4-dynamics,qrmkey4s,pusht-dynamics,jerrychsh-ucsd/dreamer4-dynamics/qrmkey4s,killed,2026-05-02T20:33:10Z,,https://wandb.ai/jerrychsh-ucsd/dreamer4-dynamics/runs/qrmkey4s,2800,0.013535062782466412,,,0.0605321079492569,0,0.018046749755740166,0,,,,0.9242706298828125,0.3636067807674408,6,,,,,,,,,,,,,,,0.0001,1.521959035065439
jerrychsh-ucsd,dreamer4-dynamics,qrmkey4s,pusht-dynamics,jerrychsh-ucsd/dreamer4-dynamics/qrmkey4s,killed,2026-05-02T20:33:10Z,,https://wandb.ai/jerrychsh-ucsd/dreamer4-dynamics/runs/qrmkey4s,3000,0.014203330501914024,,,0.0577833317220211,0,0.018937774002552032,0,,,,0.9880839586257935,0.3779296875,6,0.003231915645301342,0.003703353926539421,0.8726996183395386,24.905399322509766,24.314048767089844,0.5913505554199219,0.0014438873622566462,0.0038514453917741776,0.0037150548305362463,0.0006100062164478004,0.004121645353734493,0.005227968096733093,,,0.0001,1.6308190752400293
jerrychsh-ucsd,dreamer4-dynamics,qrmkey4s,pusht-dynamics,jerrychsh-ucsd/dreamer4-dynamics/qrmkey4s,killed,2026-05-02T20:33:10Z,,https://wandb.ai/jerrychsh-ucsd/dreamer4-dynamics/runs/qrmkey4s,3200,0.013543767854571342,,,0.06033900007605553,0,0.018058355897665024,0,,,,1.086197853088379,0.3728841245174408,6,,,,,,,,,,,,,,,0.0001,1.7393250844875972
jerrychsh-ucsd,dreamer4-dynamics,qrmkey4s,pusht-dynamics,jerrychsh-ucsd/dreamer4-dynamics/qrmkey4s,killed,2026-05-02T20:33:10Z,,https://wandb.ai/jerrychsh-ucsd/dreamer4-dynamics/runs/qrmkey4s,3400,0.012613115832209587,,,0.05146387964487076,0,0.01681748777627945,0,,,,1.0586057901382446,0.3811849057674408,6,,,,,,,,,,,,,,,0.0001,1.8478297021653918
jerrychsh-ucsd,dreamer4-dynamics,qrmkey4s,pusht-dynamics,jerrychsh-ucsd/dreamer4-dynamics/qrmkey4s,killed,2026-05-02T20:33:10Z,,https://wandb.ai/jerrychsh-ucsd/dreamer4-dynamics/runs/qrmkey4s,3600,0.014061848632991314,,,0.06413792073726654,0,0.01874913088977337,0,,,,1.0672359466552734,0.3776041865348816,6,,,,,,,,,,,,,,,0.0001,1.9563327482011583
jerrychsh-ucsd,dreamer4-dynamics,qrmkey4s,pusht-dynamics,jerrychsh-ucsd/dreamer4-dynamics/qrmkey4s,killed,2026-05-02T20:33:10Z,,https://wandb.ai/jerrychsh-ucsd/dreamer4-dynamics/runs/qrmkey4s,3800,0.014225898310542107,,,0.05985656753182411,0,0.01896786317229271,0,,,,1.0262138843536377,0.3955078125,6,,,,,,,,,,,,,,,0.0001,2.064825643632147
jerrychsh-ucsd,dreamer4-dynamics,qrmkey4s,pusht-dynamics,jerrychsh-ucsd/dreamer4-dynamics/qrmkey4s,killed,2026-05-02T20:33:10Z,,https://wandb.ai/jerrychsh-ucsd/dreamer4-dynamics/runs/qrmkey4s,4000,0.013709897175431252,,,0.0579865463078022,0,0.01827986165881157,0,,,,1.0102261304855347,0.3736979365348816,6,0.0025817337445914745,0.0031094220466911793,0.8302937746047974,25.880887985229492,25.073204040527344,0.8076839447021484,0.0014468466397374868,0.002780619077384472,0.0032493374310433865,0.0005562835140153766,0.003275790251791477,0.004930888302624226,,,0.0001,2.1736681984530555
jerrychsh-ucsd,dreamer4-dynamics,qrmkey4s,pusht-dynamics,jerrychsh-ucsd/dreamer4-dynamics/qrmkey4s,killed,2026-05-02T20:33:10Z,,https://wandb.ai/jerrychsh-ucsd/dreamer4-dynamics/runs/qrmkey4s,4200,0.012378422543406487,,,0.05229847505688667,0,0.01650456339120865,0,,,,0.9994557499885559,0.37451171875,6,,,,,,,,,,,,,,,0.0001,2.2821807187795637
jerrychsh-ucsd,dreamer4-dynamics,qrmkey4s,pusht-dynamics,jerrychsh-ucsd/dreamer4-dynamics/qrmkey4s,killed,2026-05-02T20:33:10Z,,https://wandb.ai/jerrychsh-ucsd/dreamer4-dynamics/runs/qrmkey4s,4400,0.013605032116174698,,,0.060616686940193176,0,0.018140042200684547,0,,,,1.0261863470077515,0.37744140625,6,,,,,,,,,,,,,,,0.0001,2.3907027595573003
jerrychsh-ucsd,dreamer4-dynamics,qrmkey4s,pusht-dynamics,jerrychsh-ucsd/dreamer4-dynamics/qrmkey4s,killed,2026-05-02T20:33:10Z,,https://wandb.ai/jerrychsh-ucsd/dreamer4-dynamics/runs/qrmkey4s,4600,0.012354239821434021,,,0.05194321647286415,0,0.01647231914103031,0,,,,1.0750995874404907,0.3859049677848816,6,,,,,,,,,,,,,,,0.0001,2.499205063846376
jerrychsh-ucsd,dreamer4-dynamics,qrmkey4s,pusht-dynamics,jerrychsh-ucsd/dreamer4-dynamics/qrmkey4s,killed,2026-05-02T20:33:10Z,,https://wandb.ai/jerrychsh-ucsd/dreamer4-dynamics/runs/qrmkey4s,4800,0.010850770398974419,,,0.04713447391986847,0,0.01446769293397665,0,,,,1.0391507148742676,0.3806966245174408,6,,,,,,,,,,,,,,,0.0001,2.6077209575970968
jerrychsh-ucsd,dreamer4-dynamics,qrmkey4s,pusht-dynamics,jerrychsh-ucsd/dreamer4-dynamics/qrmkey4s,killed,2026-05-02T20:33:10Z,,https://wandb.ai/jerrychsh-ucsd/dreamer4-dynamics/runs/qrmkey4s,5000,0.013707531616091728,,,0.055029477924108505,0.031633809208869934,0.01685624197125435,0.004261401481926441,,,,1.017351746559143,0.3673502802848816,6,0.003096187487244606,0.0023636426776647568,1.3099219799041748,25.091726303100586,26.26418113708496,-1.172454833984375,0.0016545269172638655,0.0041177230887115,0.002528705168515444,0.0009682934614829719,0.0024575451388955116,0.0029892693273723125,,,0.0001,2.71661357137892
jerrychsh-ucsd,dreamer4-dynamics,qrmkey4s,pusht-dynamics,jerrychsh-ucsd/dreamer4-dynamics/qrmkey4s,killed,2026-05-02T20:33:10Z,,https://wandb.ai/jerrychsh-ucsd/dreamer4-dynamics/runs/qrmkey4s,5200,0.015150504186749458,,,0.06279786676168442,0.013581225648522377,0.01952751912176609,0.002019453328102827,,,,1.0024374723434448,0.3790690302848816,6,,,,,,,,,,,,,,,0.0001,2.82618428601159
jerrychsh-ucsd,dreamer4-dynamics,qrmkey4s,pusht-dynamics,jerrychsh-ucsd/dreamer4-dynamics/qrmkey4s,killed,2026-05-02T20:33:10Z,,https://wandb.ai/jerrychsh-ucsd/dreamer4-dynamics/runs/qrmkey4s,5400,0.013211808167397976,,,0.05578281357884407,0.010774719528853893,0.017097091302275658,0.0015559578314423561,,,,1.06846022605896,0.3623046875,6,,,,,,,,,,,,,,,0.0001,2.9357667415671878
jerrychsh-ucsd,dreamer4-dynamics,qrmkey4s,pusht-dynamics,jerrychsh-ucsd/dreamer4-dynamics/qrmkey4s,killed,2026-05-02T20:33:10Z,,https://wandb.ai/jerrychsh-ucsd/dreamer4-dynamics/runs/qrmkey4s,5600,0.013770939782261848,,,0.05709485337138176,0.007767354603856802,0.017950594425201416,0.0012319751549512148,,,,1.044159173965454,0.392578125,6,,,,,,,,,,,,,,,0.0001,3.0453404358360503
jerrychsh-ucsd,dreamer4-dynamics,qrmkey4s,pusht-dynamics,jerrychsh-ucsd/dreamer4-dynamics/qrmkey4s,killed,2026-05-02T20:33:10Z,,https://wandb.ai/jerrychsh-ucsd/dreamer4-dynamics/runs/qrmkey4s,5800,0.013724486343562603,,,0.05627281963825226,0.009743615053594112,0.01778843067586422,0.0015326536959037185,,,,1.1177247762680054,0.3818359375,6,,,,,,,,,,,,,,,0.0001,3.154919180340237
jerrychsh-ucsd,dreamer4-dynamics,qrmkey4s,pusht-dynamics,jerrychsh-ucsd/dreamer4-dynamics/qrmkey4s,killed,2026-05-02T20:33:10Z,,https://wandb.ai/jerrychsh-ucsd/dreamer4-dynamics/runs/qrmkey4s,6000,0.014098504558205605,,,0.05682460591197014,0.018278060480952263,0.018045615404844284,0.0022571678273379803,,,,0.9987241625785828,0.38037109375,6,0.0033236718736588955,0.0024989263620227575,1.3300399780273438,24.7838191986084,26.02246856689453,-1.2386493682861328,0.001789801986888051,0.003789176931604743,0.0034264724235981703,0.0005990289500914514,0.0023913008626550436,0.003915514796972275,,,0.0001,3.2648185108767613
jerrychsh-ucsd,dreamer4-dynamics,qrmkey4s,pusht-dynamics,jerrychsh-ucsd/dreamer4-dynamics/qrmkey4s,killed,2026-05-02T20:33:10Z,,https://wandb.ai/jerrychsh-ucsd/dreamer4-dynamics/runs/qrmkey4s,6200,0.012629403732717037,,,0.050802502781152725,0.010340364649891853,0.016362469643354416,0.00143020274117589,,,,0.9610857367515564,0.376953125,6,,,,,,,,,,,,,,,0.0001,3.3744059336185455
jerrychsh-ucsd,dreamer4-dynamics,qrmkey4s,pusht-dynamics,jerrychsh-ucsd/dreamer4-dynamics/qrmkey4s,killed,2026-05-02T20:33:10Z,,https://wandb.ai/jerrychsh-ucsd/dreamer4-dynamics/runs/qrmkey4s,6400,0.012626482173800468,,,0.05335773900151253,0.012487533502280712,0.016262194141745567,0.00171934615354985,,,,1.0740869045257568,0.3782552182674408,6,,,,,,,,,,,,,,,0.0001,3.483982653948996
jerrychsh-ucsd,dreamer4-dynamics,qrmkey4s,pusht-dynamics,jerrychsh-ucsd/dreamer4-dynamics/qrmkey4s,killed,2026-05-02T20:33:10Z,,https://wandb.ai/jerrychsh-ucsd/dreamer4-dynamics/runs/qrmkey4s,6600,0.014108670875430107,,,0.06351464241743088,0.009092448279261589,0.018381953239440918,0.0012888220371678472,,,,0.9700095653533936,0.3662109375,6,,,,,,,,,,,,,,,0.0001,3.593577802379926
jerrychsh-ucsd,dreamer4-dynamics,qrmkey4s,pusht-dynamics,jerrychsh-ucsd/dreamer4-dynamics/qrmkey4s,killed,2026-05-02T20:33:10Z,,https://wandb.ai/jerrychsh-ucsd/dreamer4-dynamics/runs/qrmkey4s,6800,0.012348225340247154,,,0.05141286551952362,0.010509392246603966,0.015963619574904442,0.0015020421706140041,,,,1.0415725708007812,0.38671875,6,,,,,,,,,,,,,,,0.0001,3.703188226620356
jerrychsh-ucsd,dreamer4-dynamics,qrmkey4s,pusht-dynamics,jerrychsh-ucsd/dreamer4-dynamics/qrmkey4s,killed,2026-05-02T20:33:10Z,,https://wandb.ai/jerrychsh-ucsd/dreamer4-dynamics/runs/qrmkey4s,7000,0.012282135896384716,,,0.054724693298339844,0.008309008553624153,0.015972089022397995,0.0012122760526835918,,,,0.9278938174247742,0.365234375,6,0.0030850942712277174,0.0017909863963723183,1.722567081451416,25.107316970825195,27.469078063964844,-2.3617610931396484,0.0018115993589162827,0.003988194745033979,0.002733193337917328,0.0005900409887544811,0.0017405820544809103,0.0026003438979387283,,,0.0001,3.8131191541088953
jerrychsh-ucsd,dreamer4-dynamics,qrmkey4s,pusht-dynamics,jerrychsh-ucsd/dreamer4-dynamics/qrmkey4s,killed,2026-05-02T20:33:10Z,,https://wandb.ai/jerrychsh-ucsd/dreamer4-dynamics/runs/qrmkey4s,7200,0.01359597872942686,,,0.051993511617183685,0.010327262803912163,0.01762077398598194,0.0015215905150398612,,,,1.05654776096344,0.3917643427848816,6,,,,,,,,,,,,,,,0.0001,3.922687143286069
jerrychsh-ucsd,dreamer4-dynamics,qrmkey4s,pusht-dynamics,jerrychsh-ucsd/dreamer4-dynamics/qrmkey4s,killed,2026-05-02T20:33:10Z,,https://wandb.ai/jerrychsh-ucsd/dreamer4-dynamics/runs/qrmkey4s,7400,0.013058578595519066,,,0.05395966023206711,0.009656158275902271,0.016906863078475,0.001513724448159337,,,,1.0468599796295166,0.373046875,6,,,,,,,,,,,,,,,0.0001,4.032271112998327
jerrychsh-ucsd,dreamer4-dynamics,qrmkey4s,pusht-dynamics,jerrychsh-ucsd/dreamer4-dynamics/qrmkey4s,killed,2026-05-02T20:33:10Z,,https://wandb.ai/jerrychsh-ucsd/dreamer4-dynamics/runs/qrmkey4s,7600,0.013862833380699158,,,0.06456241756677628,0.00993502326309681,0.018036305904388428,0.0013424132484942675,,,,1.0642770528793335,0.36279296875,6,,,,,,,,,,,,,,,0.0001,4.141870549519857
jerrychsh-ucsd,dreamer4-dynamics,qrmkey4s,pusht-dynamics,jerrychsh-ucsd/dreamer4-dynamics/qrmkey4s,killed,2026-05-02T20:33:10Z,,https://wandb.ai/jerrychsh-ucsd/dreamer4-dynamics/runs/qrmkey4s,7800,0.012691590003669262,,,0.058607619255781174,0.008732088841497898,0.016467144712805748,0.0013649249449372292,,,,1.063592791557312,0.3837890625,6,,,,,,,,,,,,,,,0.0001,4.251473215884633
jerrychsh-ucsd,dreamer4-dynamics,qrmkey4s,pusht-dynamics,jerrychsh-ucsd/dreamer4-dynamics/qrmkey4s,killed,2026-05-02T20:33:10Z,,https://wandb.ai/jerrychsh-ucsd/dreamer4-dynamics/runs/qrmkey4s,8000,0.01227867417037487,,,0.04861393943428993,0.00607949448749423,0.0160575769841671,0.0009419621783308685,,,,0.9997870326042175,0.3876953125,6,0.0023775461595505476,0.0024246838875114918,0.980559229850769,26.238710403442383,26.15345001220703,0.08526039123535156,0.0012238159542903304,0.0023371230345219374,0.0030481433495879173,0.0004503634700085968,0.0024671643041074276,0.0038844903465360403,,,0.0001,4.361437754895952
jerrychsh-ucsd,dreamer4-dynamics,qrmkey4s,pusht-dynamics,jerrychsh-ucsd/dreamer4-dynamics/qrmkey4s,killed,2026-05-02T20:33:10Z,,https://wandb.ai/jerrychsh-ucsd/dreamer4-dynamics/runs/qrmkey4s,8200,0.012136515229940414,,,0.05041249096393585,0.014414949342608452,0.015539807267487049,0.001926638651639223,,,,1.0234142541885376,0.3912760615348816,6,,,,,,,,,,,,,,,0.0001,4.471063466469447
jerrychsh-ucsd,dreamer4-dynamics,qrmkey4s,pusht-dynamics,jerrychsh-ucsd/dreamer4-dynamics/qrmkey4s,killed,2026-05-02T20:33:10Z,,https://wandb.ai/jerrychsh-ucsd/dreamer4-dynamics/runs/qrmkey4s,8400,0.010740799829363823,,,0.043213363736867905,0.00785513874143362,0.013952252455055714,0.0011064427671954036,,,,1.0572192668914795,0.3844401240348816,6,,,,,,,,,,,,,,,0.0001,4.580662665367126
jerrychsh-ucsd,dreamer4-dynamics,qrmkey4s,pusht-dynamics,jerrychsh-ucsd/dreamer4-dynamics/qrmkey4s,killed,2026-05-02T20:33:10Z,,https://wandb.ai/jerrychsh-ucsd/dreamer4-dynamics/runs/qrmkey4s,8600,0.011612447910010815,,,0.04657907411456108,0.010435380041599274,0.015004321932792664,0.001436825143173337,,,,1.1136143207550049,0.3922526240348816,6,,,,,,,,,,,,,,,0.0001,4.690260838667552
jerrychsh-ucsd,dreamer4-dynamics,qrmkey4s,pusht-dynamics,jerrychsh-ucsd/dreamer4-dynamics/qrmkey4s,killed,2026-05-02T20:33:10Z,,https://wandb.ai/jerrychsh-ucsd/dreamer4-dynamics/runs/qrmkey4s,8800,0.01094752922654152,,,0.04475590959191322,0.011502641253173351,0.014083259738981724,0.0015403357101604342,,,,1.022045373916626,0.3894856870174408,6,,,,,,,,,,,,,,,0.0001,4.7998474656211005
jerrychsh-ucsd,dreamer4-dynamics,qrmkey4s,pusht-dynamics,jerrychsh-ucsd/dreamer4-dynamics/qrmkey4s,killed,2026-05-02T20:33:10Z,,https://wandb.ai/jerrychsh-ucsd/dreamer4-dynamics/runs/qrmkey4s,9000,0.011468670330941677,,,0.05019797384738922,0.007810618728399277,0.01487444806843996,0.001251337118446827,,,,0.9664996266365051,0.3811849057674408,6,0.003205058630555868,0.002757791895419359,1.1621829271316528,24.941638946533203,25.594385147094727,-0.6527462005615234,0.0015093304682523012,0.004251101519912481,0.0031668879091739655,0.0007213183562271297,0.0032524741254746914,0.0034727591555565596,,,0.0001,4.909781774414911
jerrychsh-ucsd,dreamer4-dynamics,qrmkey4s,pusht-dynamics,jerrychsh-ucsd/dreamer4-dynamics/qrmkey4s,killed,2026-05-02T20:33:10Z,,https://wandb.ai/jerrychsh-ucsd/dreamer4-dynamics/runs/qrmkey4s,9200,0.012136563658714294,,,0.051716189831495285,0.008250517770648003,0.01579893007874489,0.0011494634672999382,,,,1.013628602027893,0.3720703125,6,,,,,,,,,,,,,,,0.0001,5.019377774066395
jerrychsh-ucsd,dreamer4-dynamics,qrmkey4s,pusht-dynamics,jerrychsh-ucsd/dreamer4-dynamics/qrmkey4s,killed,2026-05-02T20:33:10Z,,https://wandb.ai/jerrychsh-ucsd/dreamer4-dynamics/runs/qrmkey4s,9400,0.010548966936767101,,,0.043525468558073044,0.007429253309965134,0.013686556369066238,0.0011361998040229082,,,,1.074924111366272,0.3839518427848816,6,,,,,,,,,,,,,,,0.0001,5.128992271688249
jerrychsh-ucsd,dreamer4-dynamics,qrmkey4s,pusht-dynamics,jerrychsh-ucsd/dreamer4-dynamics/qrmkey4s,killed,2026-05-02T20:33:10Z,,https://wandb.ai/jerrychsh-ucsd/dreamer4-dynamics/runs/qrmkey4s,9600,0.011758951470255852,,,0.05310033634305,0.009505750611424446,0.015239132568240166,0.0013184030540287495,,,,0.9445833563804626,0.3763020932674408,6,,,,,,,,,,,,,,,0.0001,5.238621747228835
jerrychsh-ucsd,dreamer4-dynamics,qrmkey4s,pusht-dynamics,jerrychsh-ucsd/dreamer4-dynamics/qrmkey4s,killed,2026-05-02T20:33:10Z,,https://wandb.ai/jerrychsh-ucsd/dreamer4-dynamics/runs/qrmkey4s,9800,0.011234322562813759,,,0.04652130603790283,0.005175219848752022,0.014683355577290058,0.0008872209000401199,,,,0.8613488078117371,0.3806966245174408,6,,,,,,,,,,,,,,,0.0001,5.348226058416897
jerrychsh-ucsd,dreamer4-dynamics,qrmkey4s,pusht-dynamics,jerrychsh-ucsd/dreamer4-dynamics/qrmkey4s,killed,2026-05-02T20:33:10Z,,https://wandb.ai/jerrychsh-ucsd/dreamer4-dynamics/runs/qrmkey4s,10000,0.01296184491366148,,,0.055925529450178146,0.011499062180519104,0.016762280836701393,0.0015605319058522582,,,,1.1178669929504395,0.37451171875,6,0.00359720503911376,0.0038083470426499844,0.9445580840110779,24.440349578857422,24.192636489868164,0.2477130889892578,0.0013464539078995585,0.003922746516764164,0.004556751344352961,0.0008409790461882949,0.004155552946031094,0.005472949706017971,,,0.0001,5.458168318801456
jerrychsh-ucsd,dreamer4-dynamics,qrmkey4s,pusht-dynamics,jerrychsh-ucsd/dreamer4-dynamics/qrmkey4s,killed,2026-05-02T20:33:10Z,,https://wandb.ai/jerrychsh-ucsd/dreamer4-dynamics/runs/qrmkey4s,10200,0.010484430007636547,,,0.044152550399303436,0.008195962756872177,0.013593708164989948,0.001156595884822309,,,,1.0769082307815552,0.39697265625,6,,,,,,,,,,,,,,,0.0001,5.567940671112802
jerrychsh-ucsd,dreamer4-dynamics,qrmkey4s,pusht-dynamics,jerrychsh-ucsd/dreamer4-dynamics/qrmkey4s,killed,2026-05-02T20:33:10Z,,https://wandb.ai/jerrychsh-ucsd/dreamer4-dynamics/runs/qrmkey4s,10400,0.010974708013236523,,,0.043430160731077194,0.006205196958035231,0.014316496439278126,0.0009493422694504261,,,,1.0800668001174927,0.376953125,6,,,,,,,,,,,,,,,0.0001,5.677537237803142
jerrychsh-ucsd,dreamer4-dynamics,qrmkey4s,pusht-dynamics,jerrychsh-ucsd/dreamer4-dynamics/qrmkey4s,killed,2026-05-02T20:33:10Z,,https://wandb.ai/jerrychsh-ucsd/dreamer4-dynamics/runs/qrmkey4s,10600,0.012481446377933025,,,0.05340080335736275,0.00875078048557043,0.016219399869441986,0.001267584622837603,,,,1.011073112487793,0.3631184995174408,6,,,,,,,,,,,,,,,0.0001,5.787141519122653
jerrychsh-ucsd,dreamer4-dynamics,qrmkey4s,pusht-dynamics,jerrychsh-ucsd/dreamer4-dynamics/qrmkey4s,killed,2026-05-02T20:33:10Z,,https://wandb.ai/jerrychsh-ucsd/dreamer4-dynamics/runs/qrmkey4s,10800,0.011744219809770584,,,0.04782967269420624,0.009092424996197224,0.015243245288729668,0.0012471445370465517,,,,0.9140556454658508,0.3860677182674408,6,,,,,,,,,,,,,,,0.0001,5.8967347957690555
jerrychsh-ucsd,dreamer4-dynamics,qrmkey4s,pusht-dynamics,jerrychsh-ucsd/dreamer4-dynamics/qrmkey4s,killed,2026-05-02T20:33:10Z,,https://wandb.ai/jerrychsh-ucsd/dreamer4-dynamics/runs/qrmkey4s,11000,0.012687023729085922,,,0.0522027425467968,0.005200641229748726,0.016617434099316597,0.0008957937243394554,,,,1.0804351568222046,0.3797200620174408,6,0.004098028875887394,0.003483658656477928,1.1763577461242676,23.874248504638672,24.57964324951172,-0.7053947448730469,0.0015927727799862623,0.00485838670283556,0.00495552783831954,0.0007740928558632731,0.003672066144645214,0.005439359229058027,,,0.0001,6.0066715045770005
jerrychsh-ucsd,dreamer4-dynamics,qrmkey4s,pusht-dynamics,jerrychsh-ucsd/dreamer4-dynamics/qrmkey4s,killed,2026-05-02T20:33:10Z,,https://wandb.ai/jerrychsh-ucsd/dreamer4-dynamics/runs/qrmkey4s,11200,0.009495813399553299,,,0.036296095699071884,0.010195322334766388,0.01218137051910162,0.001439141808077693,,,,1.1533068418502808,0.3935546875,6,,,,,,,,,,,,,,,0.0001,6.116266320215331
jerrychsh-ucsd,dreamer4-dynamics,qrmkey4s,pusht-dynamics,jerrychsh-ucsd/dreamer4-dynamics/qrmkey4s,killed,2026-05-02T20:33:10Z,,https://wandb.ai/jerrychsh-ucsd/dreamer4-dynamics/runs/qrmkey4s,11400,0.01062686275690794,,,0.041259244084358215,0.006546107120811939,0.013838448561728,0.000992103829048574,,,,1.246864676475525,0.3870442807674408,6,,,,,,,,,,,,,,,0.0001,6.2258650059832465
jerrychsh-ucsd,dreamer4-dynamics,qrmkey4s,pusht-dynamics,jerrychsh-ucsd/dreamer4-dynamics/qrmkey4s,killed,2026-05-02T20:33:10Z,,https://wandb.ai/jerrychsh-ucsd/dreamer4-dynamics/runs/qrmkey4s,11600,0.011719617992639542,,,0.05020776018500328,0.00622510677203536,0.015307939611375332,0.0009546542423777282,,,,1.120012879371643,0.39306640625,6,,,,,,,,,,,,,,,0.0001,6.335465691486994
jerrychsh-ucsd,dreamer4-dynamics,qrmkey4s,pusht-dynamics,jerrychsh-ucsd/dreamer4-dynamics/qrmkey4s,killed,2026-05-02T20:33:10Z,,https://wandb.ai/jerrychsh-ucsd/dreamer4-dynamics/runs/qrmkey4s,11800,0.011556296609342098,,,0.05316188186407089,0.007777092047035694,0.01504473201930523,0.0010909885168075562,,,,1.0689395666122437,0.37255859375,6,,,,,,,,,,,,,,,0.0001,6.445062056250042
jerrychsh-ucsd,dreamer4-dynamics,qrmkey4s,pusht-dynamics,jerrychsh-ucsd/dreamer4-dynamics/qrmkey4s,killed,2026-05-02T20:33:10Z,,https://wandb.ai/jerrychsh-ucsd/dreamer4-dynamics/runs/qrmkey4s,12000,0.010510003194212914,,,0.04308056831359863,0.005015215836465359,0.013737714849412441,0.0008268672972917557,,,,1.0952873229980469,0.3958333432674408,6,0.0033985269255936146,0.002701775636523962,1.2578864097595215,24.687091827392578,25.683507919311523,-0.9964160919189453,0.0018751921597868204,0.003973239101469517,0.003888176754117012,0.0006291383178904653,0.0026191300712525845,0.004351089708507061,,,0.0001,6.555008069144355
jerrychsh-ucsd,dreamer4-dynamics,qrmkey4s,pusht-dynamics,jerrychsh-ucsd/dreamer4-dynamics/qrmkey4s,killed,2026-05-02T20:33:10Z,,https://wandb.ai/jerrychsh-ucsd/dreamer4-dynamics/runs/qrmkey4s,12200,0.012370333075523376,,,0.05227215960621834,0.010967481881380081,0.01601661741733551,0.0014314776053652167,,,,1.1041916608810425,0.3841145932674408,6,,,,,,,,,,,,,,,0.0001,6.664635305470891
jerrychsh-ucsd,dreamer4-dynamics,qrmkey4s,pusht-dynamics,jerrychsh-ucsd/dreamer4-dynamics/qrmkey4s,killed,2026-05-02T20:33:10Z,,https://wandb.ai/jerrychsh-ucsd/dreamer4-dynamics/runs/qrmkey4s,12400,0.011668204329907894,,,0.05066664516925812,0.0076945144683122635,0.015167072415351868,0.0011715986765921116,,,,1.0816391706466675,0.3857421875,6,,,,,,,,,,,,,,,0.0001,6.774273057116402
jerrychsh-ucsd,dreamer4-dynamics,qrmkey4s,pusht-dynamics,jerrychsh-ucsd/dreamer4-dynamics/qrmkey4s,killed,2026-05-02T20:33:10Z,,https://wandb.ai/jerrychsh-ucsd/dreamer4-dynamics/runs/qrmkey4s,12600,0.01144779659807682,,,0.045694202184677124,0.010223375633358955,0.01480935886502266,0.0013631078181788325,,,,0.9088321924209595,0.3681640625,6,,,,,,,,,,,,,,,0.0001,6.883909999132157
jerrychsh-ucsd,dreamer4-dynamics,qrmkey4s,pusht-dynamics,jerrychsh-ucsd/dreamer4-dynamics/qrmkey4s,killed,2026-05-02T20:33:10Z,,https://wandb.ai/jerrychsh-ucsd/dreamer4-dynamics/runs/qrmkey4s,12800,0.011098146438598633,,,0.04587727040052414,0.018467780202627182,0.014020257629454136,0.002331814495846629,,,,1.085123896598816,0.3668619990348816,6,,,,,,,,,,,,,,,0.0001,6.993530371851391
jerrychsh-ucsd,dreamer4-dynamics,qrmkey4s,pusht-dynamics,jerrychsh-ucsd/dreamer4-dynamics/qrmkey4s,killed,2026-05-02T20:33:10Z,,https://wandb.ai/jerrychsh-ucsd/dreamer4-dynamics/runs/qrmkey4s,13000,0.009933809749782085,,,0.04437901824712753,0.009741250425577164,0.012826928868889809,0.0012544522760435939,,,,1.0433396100997925,0.376953125,6,0.003589074593037367,0.0023825496900826693,1.50640070438385,24.450176239013672,26.229581832885742,-1.7794055938720703,0.0020756996236741543,0.004582459572702646,0.003845738247036934,0.0007106034900061786,0.002084042876958847,0.0036612420808523893,,,0.0001,7.103476080232197
jerrychsh-ucsd,dreamer4-dynamics,qrmkey4s,pusht-dynamics,jerrychsh-ucsd/dreamer4-dynamics/qrmkey4s,killed,2026-05-02T20:33:10Z,,https://wandb.ai/jerrychsh-ucsd/dreamer4-dynamics/runs/qrmkey4s,13200,0.009951073676347733,,,0.043368853628635406,0.006952428724616766,0.01294921524822712,0.000956646865233779,,,,1.0971637964248657,0.3688151240348816,6,,,,,,,,,,,,,,,0.0001,7.213073773251639
jerrychsh-ucsd,dreamer4-dynamics,qrmkey4s,pusht-dynamics,jerrychsh-ucsd/dreamer4-dynamics/qrmkey4s,killed,2026-05-02T20:33:10Z,,https://wandb.ai/jerrychsh-ucsd/dreamer4-dynamics/runs/qrmkey4s,13400,0.010455304756760597,,,0.045833270996809006,0.007876462303102016,0.013564225286245346,0.0011285386281087995,,,,1.033638834953308,0.3806966245174408,6,,,,,,,,,,,,,,,0.0001,7.3226752157343755
jerrychsh-ucsd,dreamer4-dynamics,qrmkey4s,pusht-dynamics,jerrychsh-ucsd/dreamer4-dynamics/qrmkey4s,killed,2026-05-02T20:33:10Z,,https://wandb.ai/jerrychsh-ucsd/dreamer4-dynamics/runs/qrmkey4s,13600,0.011873419396579266,,,0.04627491906285286,0.010041584260761738,0.015392942354083061,0.0013148465659469366,,,,1.052389144897461,0.3885091245174408,6,,,,,,,,,,,,,,,0.0001,7.4322982009914185
jerrychsh-ucsd,dreamer4-dynamics,qrmkey4s,pusht-dynamics,jerrychsh-ucsd/dreamer4-dynamics/qrmkey4s,killed,2026-05-02T20:33:10Z,,https://wandb.ai/jerrychsh-ucsd/dreamer4-dynamics/runs/qrmkey4s,13800,0.012138723395764828,,,0.05403633788228035,0.009477464482188225,0.015724169090390205,0.0013823858462274075,,,,0.9802225828170776,0.3839518427848816,6,,,,,,,,,,,,,,,0.0001,7.541926221648852
jerrychsh-ucsd,dreamer4-dynamics,qrmkey4s,pusht-dynamics,jerrychsh-ucsd/dreamer4-dynamics/qrmkey4s,killed,2026-05-02T20:33:10Z,,https://wandb.ai/jerrychsh-ucsd/dreamer4-dynamics/runs/qrmkey4s,14000,0.010089695453643799,,,0.044640880078077316,0.006545898970216513,0.013132825493812561,0.0009603047510609031,,,,1.0361653566360474,0.37939453125,6,0.003427117131650448,0.003324035555124283,1.0310109853744507,24.650711059570312,24.783344268798828,-0.13263320922851562,0.0016051912680268288,0.003840276040136814,0.0032299975864589214,0.000932005699723959,0.0038432430010288954,0.0037051839753985405,,,0.0001,7.65189805454678
jerrychsh-ucsd,dreamer4-dynamics,qrmkey4s,pusht-dynamics,jerrychsh-ucsd/dreamer4-dynamics/qrmkey4s,killed,2026-05-02T20:33:10Z,,https://wandb.ai/jerrychsh-ucsd/dreamer4-dynamics/runs/qrmkey4s,14200,0.00916946679353714,,,0.03959986940026283,0.004281539469957352,0.01198634598404169,0.000718828639946878,,,,1.1574774980545044,0.3841145932674408,6,,,,,,,,,,,,,,,0.0001,7.7615338445372055
jerrychsh-ucsd,dreamer4-dynamics,qrmkey4s,pusht-dynamics,jerrychsh-ucsd/dreamer4-dynamics/qrmkey4s,killed,2026-05-02T20:33:10Z,,https://wandb.ai/jerrychsh-ucsd/dreamer4-dynamics/runs/qrmkey4s,14400,0.009405704215168953,,,0.04022129252552986,0.007684784941375256,0.012173152528703213,0.0011033567134290934,,,,1.0952092409133911,0.3893229365348816,6,,,,,,,,,,,,,,,0.0001,7.8711603550778495
jerrychsh-ucsd,dreamer4-dynamics,qrmkey4s,pusht-dynamics,jerrychsh-ucsd/dreamer4-dynamics/qrmkey4s,killed,2026-05-02T20:33:10Z,,https://wandb.ai/jerrychsh-ucsd/dreamer4-dynamics/runs/qrmkey4s,14600,0.012411912903189659,,,0.05518494173884392,0.008592570200562477,0.01615823060274124,0.0011729593388736248,,,,0.9139015078544617,0.365234375,6,,,,,,,,,,,,,,,0.0001,7.980816198918554
jerrychsh-ucsd,dreamer4-dynamics,qrmkey4s,pusht-dynamics,jerrychsh-ucsd/dreamer4-dynamics/qrmkey4s,killed,2026-05-02T20:33:10Z,,https://wandb.ai/jerrychsh-ucsd/dreamer4-dynamics/runs/qrmkey4s,14800,0.012210134416818619,,,0.05357265844941139,0.005315326154232025,0.01601141132414341,0.0008063035784289241,,,,1.0944539308547974,0.37548828125,6,,,,,,,,,,,,,,,0.0001,8.090421324239836
jerrychsh-ucsd,dreamer4-dynamics,qrmkey4s,pusht-dynamics,jerrychsh-ucsd/dreamer4-dynamics/qrmkey4s,killed,2026-05-02T20:33:10Z,,https://wandb.ai/jerrychsh-ucsd/dreamer4-dynamics/runs/qrmkey4s,15000,0.010854842141270638,,,0.04573827236890793,0.009458973072469234,0.014050585217773914,0.0012676126789301634,,,,1.081836462020874,0.3860677182674408,6,0.003941910807043314,0.003086499869823456,1.2771459817886353,24.042932510375977,25.10533905029297,-1.0624065399169922,0.0021527186036109924,0.004442321602255106,0.004137208219617605,0.0009257239289581776,0.0030024952720850706,0.004271223209798336,,,0.0001,8.20037654750877
jerrychsh-ucsd,dreamer4-dynamics,qrmkey4s,pusht-dynamics,jerrychsh-ucsd/dreamer4-dynamics/qrmkey4s,killed,2026-05-02T20:33:10Z,,https://wandb.ai/jerrychsh-ucsd/dreamer4-dynamics/runs/qrmkey4s,15200,0.01137302815914154,,,0.04443321004509926,0.009747462347149849,0.014707108028233051,0.0013707901816815138,,,,1.1565003395080566,0.37939453125,6,,,,,,,,,,,,,,,0.0001,8.30999189628495
jerrychsh-ucsd,dreamer4-dynamics,qrmkey4s,pusht-dynamics,jerrychsh-ucsd/dreamer4-dynamics/qrmkey4s,killed,2026-05-02T20:33:10Z,,https://wandb.ai/jerrychsh-ucsd/dreamer4-dynamics/runs/qrmkey4s,15400,0.010658346116542816,,,0.043464984744787216,0.010007708333432674,0.013785545714199543,0.001276745111681521,,,,0.9810119867324829,0.3798828125,6,,,,,,,,,,,,,,,0.0001,8.419612196352746
jerrychsh-ucsd,dreamer4-dynamics,qrmkey4s,pusht-dynamics,jerrychsh-ucsd/dreamer4-dynamics/qrmkey4s,killed,2026-05-02T20:33:10Z,,https://wandb.ai/jerrychsh-ucsd/dreamer4-dynamics/runs/qrmkey4s,15600,0.008608154021203518,,,0.03792007267475128,0.007115811109542847,0.011138753034174442,0.0010163560509681702,,,,1.112542986869812,0.3831380307674408,6,,,,,,,,,,,,,,,0.0001,8.529236007266574
jerrychsh-ucsd,dreamer4-dynamics,qrmkey4s,pusht-dynamics,jerrychsh-ucsd/dreamer4-dynamics/qrmkey4s,killed,2026-05-02T20:33:10Z,,https://wandb.ai/jerrychsh-ucsd/dreamer4-dynamics/runs/qrmkey4s,15800,0.01087251491844654,,,0.04496442526578903,0.004433832131326199,0.01427255105227232,0.0006724060513079166,,,,1.0192044973373413,0.3850911557674408,6,,,,,,,,,,,,,,,0.0001,8.6388627083434
jerrychsh-ucsd,dreamer4-dynamics,qrmkey4s,pusht-dynamics,jerrychsh-ucsd/dreamer4-dynamics/qrmkey4s,killed,2026-05-02T20:33:10Z,,https://wandb.ai/jerrychsh-ucsd/dreamer4-dynamics/runs/qrmkey4s,16000,0.010770970955491066,,,0.049796342849731445,0.007197804749011993,0.014040874317288399,0.0009612594149075449,,,,1.0627933740615845,0.3776041865348816,6,0.003697566222399473,0.002889335621148348,1.279728889465332,24.32084083557129,25.39202117919922,-1.0711803436279297,0.002205505734309554,0.004119153134524822,0.004100542515516281,0.0007401003385894,0.002951085101813078,0.004365938249975443,,,0.0001,8.748816502028042
jerrychsh-ucsd,dreamer4-dynamics,qrmkey4s,pusht-dynamics,jerrychsh-ucsd/dreamer4-dynamics/qrmkey4s,killed,2026-05-02T20:33:10Z,,https://wandb.ai/jerrychsh-ucsd/dreamer4-dynamics/runs/qrmkey4s,16200,0.011452793143689632,,,0.05079805850982666,0.007629350759088993,0.014938798733055592,0.0009947768412530422,,,,1.0507885217666626,0.37841796875,6,,,,,,,,,,,,,,,0.0001,8.85840041955312
jerrychsh-ucsd,dreamer4-dynamics,qrmkey4s,pusht-dynamics,jerrychsh-ucsd/dreamer4-dynamics/qrmkey4s,killed,2026-05-02T20:33:10Z,,https://wandb.ai/jerrychsh-ucsd/dreamer4-dynamics/runs/qrmkey4s,16400,0.010985136032104492,,,0.04356089606881142,0.011479346081614494,0.014064878225326538,0.0017459107330068946,,,,1.1183016300201416,0.3702799677848816,6,,,,,,,,,,,,,,,0.0001,8.967998704248004
jerrychsh-ucsd,dreamer4-dynamics,qrmkey4s,pusht-dynamics,jerrychsh-ucsd/dreamer4-dynamics/qrmkey4s,killed,2026-05-02T20:33:10Z,,https://wandb.ai/jerrychsh-ucsd/dreamer4-dynamics/runs/qrmkey4s,16600,0.008805440738797188,,,0.036604899913072586,0.00650816410779953,0.0114456070587039,0.0008849412552081048,,,,1.226491928100586,0.39013671875,6,,,,,,,,,,,,,,,0.0001,9.077601979109977
jerrychsh-ucsd,dreamer4-dynamics,qrmkey4s,pusht-dynamics,jerrychsh-ucsd/dreamer4-dynamics/qrmkey4s,killed,2026-05-02T20:33:10Z,,https://wandb.ai/jerrychsh-ucsd/dreamer4-dynamics/runs/qrmkey4s,16800,0.009848637506365776,,,0.03948564454913139,0.006657187826931477,0.01282158400863409,0.0009297976503148675,,,,1.2715296745300293,0.38916015625,6,,,,,,,,,,,,,,,0.0001,9.187216152681245
jerrychsh-ucsd,dreamer4-dynamics,qrmkey4s,pusht-dynamics,jerrychsh-ucsd/dreamer4-dynamics/qrmkey4s,killed,2026-05-02T20:33:10Z,,https://wandb.ai/jerrychsh-ucsd/dreamer4-dynamics/runs/qrmkey4s,17000,0.009693212807178497,,,0.04073174297809601,0.009109247475862503,0.01250023115426302,0.0012721577659249306,,,,1.093319296836853,0.3836263120174408,6,0.002883300883695483,0.003098873421549797,0.9304351806640625,25.401100158691406,25.087963104248047,0.3131370544433594,0.0013422751799225807,0.003926323261111975,0.002459370531141758,0.0006817044923081994,0.003309984691441059,0.004366430453956127,,,0.0001,9.297201253175736
jerrychsh-ucsd,dreamer4-dynamics,qrmkey4s,pusht-dynamics,jerrychsh-ucsd/dreamer4-dynamics/qrmkey4s,killed,2026-05-02T20:33:10Z,,https://wandb.ai/jerrychsh-ucsd/dreamer4-dynamics/runs/qrmkey4s,17200,0.011116981506347656,,,0.04659146070480347,0.006049381103366613,0.014520996250212193,0.0009049354121088982,,,,0.9009562730789185,0.37451171875,6,,,,,,,,,,,,,,,0.0001,9.406831372910077
jerrychsh-ucsd,dreamer4-dynamics,qrmkey4s,pusht-dynamics,jerrychsh-ucsd/dreamer4-dynamics/qrmkey4s,killed,2026-05-02T20:33:10Z,,https://wandb.ai/jerrychsh-ucsd/dreamer4-dynamics/runs/qrmkey4s,17400,0.009523320943117142,,,0.03873331844806671,0.008652555756270885,0.012308633886277676,0.001167378155514598,,,,1.0972036123275757,0.3806966245174408,6,,,,,,,,,,,,,,,0.0001,9.516447606550322
jerrychsh-ucsd,dreamer4-dynamics,qrmkey4s,pusht-dynamics,jerrychsh-ucsd/dreamer4-dynamics/qrmkey4s,killed,2026-05-02T20:33:10Z,,https://wandb.ai/jerrychsh-ucsd/dreamer4-dynamics/runs/qrmkey4s,17600,0.009731602855026722,,,0.043409254401922226,0.00780751695856452,0.012624645605683327,0.0010524735553190112,,,,1.1534037590026855,0.3748372495174408,6,,,,,,,,,,,,,,,0.0001,9.62607082148393
jerrychsh-ucsd,dreamer4-dynamics,qrmkey4s,pusht-dynamics,jerrychsh-ucsd/dreamer4-dynamics/qrmkey4s,killed,2026-05-02T20:33:10Z,,https://wandb.ai/jerrychsh-ucsd/dreamer4-dynamics/runs/qrmkey4s,17800,0.010481711477041245,,,0.04428880289196968,0.006075799465179443,0.01366870291531086,0.0009207389666698873,,,,1.103519320487976,0.3927409052848816,6,,,,,,,,,,,,,,,0.0001,9.735686479012172
jerrychsh-ucsd,dreamer4-dynamics,qrmkey4s,pusht-dynamics,jerrychsh-ucsd/dreamer4-dynamics/qrmkey4s,killed,2026-05-02T20:33:10Z,,https://wandb.ai/jerrychsh-ucsd/dreamer4-dynamics/runs/qrmkey4s,18000,0.010697877034544945,,,0.04864874482154846,0.006574851926416159,0.013962396420538425,0.0009043185273185372,,,,1.0576716661453247,0.3815104365348816,6,0.0025242718402296305,0.001784060150384903,1.414902925491333,25.978639602661133,27.48590660095215,-1.5072669982910156,0.001310147694312036,0.003102449234575033,0.0026027837302535772,0.0008208164945244789,0.0018283878453075886,0.0026047388091683388,,,0.0001,9.845650123490227
jerrychsh-ucsd,dreamer4-dynamics,qrmkey4s,pusht-dynamics,jerrychsh-ucsd/dreamer4-dynamics/qrmkey4s,killed,2026-05-02T20:33:10Z,,https://wandb.ai/jerrychsh-ucsd/dreamer4-dynamics/runs/qrmkey4s,18200,0.01087522879242897,,,0.04811527207493782,0.006971703376621008,0.014202243648469448,0.0008941860287450254,,,,1.0530486106872559,0.3758138120174408,6,,,,,,,,,,,,,,,0.0001,9.955269930031564
jerrychsh-ucsd,dreamer4-dynamics,qrmkey4s,pusht-dynamics,jerrychsh-ucsd/dreamer4-dynamics/qrmkey4s,killed,2026-05-02T20:33:10Z,,https://wandb.ai/jerrychsh-ucsd/dreamer4-dynamics/runs/qrmkey4s,18400,0.011277144774794579,,,0.04703821241855621,0.006886085029691458,0.014718517661094666,0.0009530261158943176,,,,1.119114637374878,0.38916015625,6,,,,,,,,,,,,,,,0.0001,10.064896227518718
jerrychsh-ucsd,dreamer4-dynamics,qrmkey4s,pusht-dynamics,jerrychsh-ucsd/dreamer4-dynamics/qrmkey4s,killed,2026-05-02T20:33:10Z,,https://wandb.ai/jerrychsh-ucsd/dreamer4-dynamics/runs/qrmkey4s,18600,0.010881534777581692,,,0.047315813601017,0.004191831219941378,0.014288363046944141,0.0006610500859096646,,,,1.0859599113464355,0.38525390625,6,,,,,,,,,,,,,,,0.0001,10.174529805117183
jerrychsh-ucsd,dreamer4-dynamics,qrmkey4s,pusht-dynamics,jerrychsh-ucsd/dreamer4-dynamics/qrmkey4s,killed,2026-05-02T20:33:10Z,,https://wandb.ai/jerrychsh-ucsd/dreamer4-dynamics/runs/qrmkey4s,18800,0.009974800981581211,,,0.04284133389592171,0.008280830457806587,0.012885836884379387,0.001241690362803638,,,,0.995151698589325,0.3898112177848816,6,,,,,,,,,,,,,,,0.0001,10.284154337909486
jerrychsh-ucsd,dreamer4-dynamics,qrmkey4s,pusht-dynamics,jerrychsh-ucsd/dreamer4-dynamics/qrmkey4s,killed,2026-05-02T20:33:10Z,,https://wandb.ai/jerrychsh-ucsd/dreamer4-dynamics/runs/qrmkey4s,19000,0.009309802204370499,,,0.03772057965397835,0.005453343503177166,0.012127331458032131,0.0008572107180953026,,,,1.0767892599105835,0.3953450620174408,6,0.0037009837105870247,0.0034425831399858,1.0750601291656494,24.31682777404785,24.63115692138672,-0.3143291473388672,0.0017320702318102121,0.004572877194732428,0.003982807509601116,0.0007497555925510824,0.0030349779408425093,0.006053554825484753,,,0.0001,10.39411034239663
jerrychsh-ucsd,dreamer4-dynamics,qrmkey4s,pusht-dynamics,jerrychsh-ucsd/dreamer4-dynamics/qrmkey4s,killed,2026-05-02T20:33:10Z,,https://wandb.ai/jerrychsh-ucsd/dreamer4-dynamics/runs/qrmkey4s,19200,0.010875124484300613,,,0.04717707633972168,0.004135129973292351,0.014290611259639263,0.0006286631105467677,,,,1.1157505512237549,0.3777669370174408,6,,,,,,,,,,,,,,,0.0001,10.503718691865602
jerrychsh-ucsd,dreamer4-dynamics,qrmkey4s,pusht-dynamics,jerrychsh-ucsd/dreamer4-dynamics/qrmkey4s,killed,2026-05-02T20:33:10Z,,https://wandb.ai/jerrychsh-ucsd/dreamer4-dynamics/runs/qrmkey4s,19400,0.009627502411603928,,,0.03819478303194046,0.005262116901576519,0.012578473426401615,0.0007745904731564224,,,,1.246496558189392,0.3961588740348816,6,,,,,,,,,,,,,,,0.0001,10.613355335725679
jerrychsh-ucsd,dreamer4-dynamics,qrmkey4s,pusht-dynamics,jerrychsh-ucsd/dreamer4-dynamics/qrmkey4s,killed,2026-05-02T20:33:10Z,,https://wandb.ai/jerrychsh-ucsd/dreamer4-dynamics/runs/qrmkey4s,19600,0.009279312565922737,,,0.0368368960916996,0.011967053636908531,0.011855673976242542,0.0015502271708101034,,,,1.1242526769638062,0.3818359375,6,,,,,,,,,,,,,,,0.0001,10.722997274597486
jerrychsh-ucsd,dreamer4-dynamics,qrmkey4s,pusht-dynamics,jerrychsh-ucsd/dreamer4-dynamics/qrmkey4s,killed,2026-05-02T20:33:10Z,,https://wandb.ai/jerrychsh-ucsd/dreamer4-dynamics/runs/qrmkey4s,19800,0.009976459667086601,,,0.04191552847623825,0.007132071070373058,0.012989643961191177,0.0009369066683575511,,,,1.144328236579895,0.3821614682674408,6,,,,,,,,,,,,,,,0.0001,10.83262604004807
jerrychsh-ucsd,dreamer4-dynamics,qrmkey4s,pusht-dynamics,jerrychsh-ucsd/dreamer4-dynamics/qrmkey4s,killed,2026-05-02T20:33:10Z,,https://wandb.ai/jerrychsh-ucsd/dreamer4-dynamics/runs/qrmkey4s,20000,0.009943932294845581,,,0.04729097709059715,0.005911360960453749,0.012984974309802055,0.0008208050858229399,,,,0.9510607719421387,0.3562825620174408,6,0.0028688269667327404,0.002696450799703598,1.0639270544052124,25.422956466674805,25.69207763671875,-0.2691211700439453,0.0013664965517818928,0.003136679530143738,0.003093539737164974,0.0007742845336906612,0.002906407695263624,0.00372208165936172,,,0.0001,10.942577312191327
jerrychsh-ucsd,dreamer4-dynamics,qrmkey4s,pusht-dynamics,jerrychsh-ucsd/dreamer4-dynamics/qrmkey4s,killed,2026-05-02T20:33:10Z,,https://wandb.ai/jerrychsh-ucsd/dreamer4-dynamics/runs/qrmkey4s,20200,0.009487999603152275,,,0.04142754152417183,0.003964792005717754,0.012427580542862415,0.0006692569586448371,,,,1.2943778038024902,0.3990885615348816,6,,,,,,,,,,,,,,,0.0001,11.052316163579622
jerrychsh-ucsd,dreamer4-dynamics,qrmkey4s,pusht-dynamics,jerrychsh-ucsd/dreamer4-dynamics/qrmkey4s,killed,2026-05-02T20:33:10Z,,https://wandb.ai/jerrychsh-ucsd/dreamer4-dynamics/runs/qrmkey4s,20400,0.010298993438482285,,,0.0460018590092659,0.008467442356050014,0.013363305479288101,0.0011060581309720874,,,,1.1068015098571777,0.3746744990348816,6,,,,,,,,,,,,,,,0.0001,11.161939465204874
jerrychsh-ucsd,dreamer4-dynamics,qrmkey4s,pusht-dynamics,jerrychsh-ucsd/dreamer4-dynamics/qrmkey4s,killed,2026-05-02T20:33:10Z,,https://wandb.ai/jerrychsh-ucsd/dreamer4-dynamics/runs/qrmkey4s,20600,0.01047148834913969,,,0.046866800636053085,0.005102227907627821,0.01370641216635704,0.0007667149766348302,,,,1.2956197261810303,0.3873698115348816,6,,,,,,,,,,,,,,,0.0001,11.271546195215649
jerrychsh-ucsd,dreamer4-dynamics,qrmkey4s,pusht-dynamics,jerrychsh-ucsd/dreamer4-dynamics/qrmkey4s,killed,2026-05-02T20:33:10Z,,https://wandb.ai/jerrychsh-ucsd/dreamer4-dynamics/runs/qrmkey4s,20800,0.008861862123012543,,,0.034841034561395645,0.007145231124013662,0.011467198841273785,0.0010458523174747825,,,,1.18697190284729,0.3909505307674408,6,,,,,,,,,,,,,,,0.0001,11.381150176260206
jerrychsh-ucsd,dreamer4-dynamics,qrmkey4s,pusht-dynamics,jerrychsh-ucsd/dreamer4-dynamics/qrmkey4s,killed,2026-05-02T20:33:10Z,,https://wandb.ai/jerrychsh-ucsd/dreamer4-dynamics/runs/qrmkey4s,21000,0.010317950509488583,,,0.046482108533382416,0.004821546375751495,0.013534186407923698,0.000669241591822356,,,,1.1591438055038452,0.3772786557674408,6,0.0034057311713695526,0.002963520586490631,1.149217963218689,24.67789649963379,25.28192138671875,-0.6040248870849609,0.0019305808236822486,0.004296222236007452,0.0032654746901243925,0.0009144474752247334,0.00255782762542367,0.005317540839314461,,,0.0001,11.491077980597813
jerrychsh-ucsd,dreamer4-dynamics,qrmkey4s,pusht-dynamics,jerrychsh-ucsd/dreamer4-dynamics/qrmkey4s,killed,2026-05-02T20:33:10Z,,https://wandb.ai/jerrychsh-ucsd/dreamer4-dynamics/runs/qrmkey4s,21200,0.010976143181324005,,,0.04359741508960724,0.007675059139728546,0.014292998239398003,0.0010255782399326563,,,,1.11293363571167,0.3720703125,6,,,,,,,,,,,,,,,0.0001,11.600686505039533
jerrychsh-ucsd,dreamer4-dynamics,qrmkey4s,pusht-dynamics,jerrychsh-ucsd/dreamer4-dynamics/qrmkey4s,killed,2026-05-02T20:33:10Z,,https://wandb.ai/jerrychsh-ucsd/dreamer4-dynamics/runs/qrmkey4s,21400,0.00943136028945446,,,0.04018426686525345,0.008704743348062038,0.012216678820550442,0.0010754044633358717,,,,1.3845372200012207,0.3966471552848816,6,,,,,,,,,,,,,,,0.0001,11.710316479669677
jerrychsh-ucsd,dreamer4-dynamics,qrmkey4s,pusht-dynamics,jerrychsh-ucsd/dreamer4-dynamics/qrmkey4s,killed,2026-05-02T20:33:10Z,,https://wandb.ai/jerrychsh-ucsd/dreamer4-dynamics/runs/qrmkey4s,21600,0.00974426418542862,,,0.04277576878666878,0.007400337606668472,0.012682377360761166,0.0009299239609390497,,,,1.1308261156082153,0.38525390625,6,,,,,,,,,,,,,,,0.0001,11.819943867921829
jerrychsh-ucsd,dreamer4-dynamics,qrmkey4s,pusht-dynamics,jerrychsh-ucsd/dreamer4-dynamics/qrmkey4s,killed,2026-05-02T20:33:10Z,,https://wandb.ai/jerrychsh-ucsd/dreamer4-dynamics/runs/qrmkey4s,21800,0.009701317176222801,,,0.03982456400990486,0.0035225653555244207,0.01274887379258871,0.0005586447659879923,,,,1.1552927494049072,0.3919270932674408,6,,,,,,,,,,,,,,,0.0001,11.929576870799064
jerrychsh-ucsd,dreamer4-dynamics,qrmkey4s,pusht-dynamics,jerrychsh-ucsd/dreamer4-dynamics/qrmkey4s,killed,2026-05-02T20:33:10Z,,https://wandb.ai/jerrychsh-ucsd/dreamer4-dynamics/runs/qrmkey4s,22000,0.010834338143467903,,,0.04373731091618538,0.006911726202815771,0.01412974949926138,0.0009481013985350728,,,,1.1841028928756714,0.3896484375,6,0.00253624701872468,0.0016235903603956103,1.5621224641799927,25.958084106445312,27.89523696899414,-1.9371528625488281,0.001409356715157628,0.0030004489235579967,0.002563578076660633,0.0005063040880486369,0.0015612024581059813,0.0026071432512253523,,,0.0001,12.039557118813196
jerrychsh-ucsd,dreamer4-dynamics,qrmkey4s,pusht-dynamics,jerrychsh-ucsd/dreamer4-dynamics/qrmkey4s,killed,2026-05-02T20:33:10Z,,https://wandb.ai/jerrychsh-ucsd/dreamer4-dynamics/runs/qrmkey4s,22200,0.009772367775440216,,,0.04296243190765381,0.0039524189196527,0.012822845950722694,0.0006209315033629537,,,,1.1900255680084229,0.3935546875,6,,,,,,,,,,,,,,,0.0001,12.149183410869705
jerrychsh-ucsd,dreamer4-dynamics,qrmkey4s,pusht-dynamics,jerrychsh-ucsd/dreamer4-dynamics/qrmkey4s,killed,2026-05-02T20:33:10Z,,https://wandb.ai/jerrychsh-ucsd/dreamer4-dynamics/runs/qrmkey4s,22400,0.01065915822982788,,,0.04544693976640701,0.00744972936809063,0.01388893835246563,0.0009698159992694855,,,,1.2285109758377075,0.3792317807674408,6,,,,,,,,,,,,,,,0.0001,12.258794825673103
jerrychsh-ucsd,dreamer4-dynamics,qrmkey4s,pusht-dynamics,jerrychsh-ucsd/dreamer4-dynamics/qrmkey4s,killed,2026-05-02T20:33:10Z,,https://wandb.ai/jerrychsh-ucsd/dreamer4-dynamics/runs/qrmkey4s,22600,0.009570448659360409,,,0.042216867208480835,0.007844522595405579,0.012417914345860481,0.0010280517162755132,,,,1.1468762159347534,0.38818359375,6,,,,,,,,,,,,,,,0.0001,12.368409203423393
jerrychsh-ucsd,dreamer4-dynamics,qrmkey4s,pusht-dynamics,jerrychsh-ucsd/dreamer4-dynamics/qrmkey4s,killed,2026-05-02T20:33:10Z,,https://wandb.ai/jerrychsh-ucsd/dreamer4-dynamics/runs/qrmkey4s,22800,0.009049619548022747,,,0.03777361661195755,0.005883192643523216,0.011792110279202461,0.0008221475873142481,,,,1.2344579696655273,0.3942057490348816,6,,,,,,,,,,,,,,,0.0001,12.478036411735747
jerrychsh-ucsd,dreamer4-dynamics,qrmkey4s,pusht-dynamics,jerrychsh-ucsd/dreamer4-dynamics/qrmkey4s,killed,2026-05-02T20:33:10Z,,https://wandb.ai/jerrychsh-ucsd/dreamer4-dynamics/runs/qrmkey4s,23000,0.00944868940860033,,,0.04073543846607208,0.005078685469925404,0.01236807182431221,0.000690541579388082,,,,1.1168646812438965,0.38427734375,6,0.002867033239454031,0.0019263437716290355,1.4883289337158203,25.42567253112793,27.15266227722168,-1.72698974609375,0.001345593249425292,0.003388704266399145,0.002747125690802932,0.0005888700252398849,0.0018435574602335691,0.002897293074056506,,,0.0001,12.588011896080442
jerrychsh-ucsd,dreamer4-dynamics,qrmkey4s,pusht-dynamics,jerrychsh-ucsd/dreamer4-dynamics/qrmkey4s,killed,2026-05-02T20:33:10Z,,https://wandb.ai/jerrychsh-ucsd/dreamer4-dynamics/runs/qrmkey4s,23200,0.00903322547674179,,,0.039219215512275696,0.005588381551206112,0.01177385076880455,0.0008113490766845644,,,,1.045161485671997,0.3857421875,6,,,,,,,,,,,,,,,0.0001,12.697630431188477
jerrychsh-ucsd,dreamer4-dynamics,qrmkey4s,pusht-dynamics,jerrychsh-ucsd/dreamer4-dynamics/qrmkey4s,killed,2026-05-02T20:33:10Z,,https://wandb.ai/jerrychsh-ucsd/dreamer4-dynamics/runs/qrmkey4s,23400,0.008770574815571308,,,0.039419785141944885,0.006366521120071411,0.01139900740236044,0.0008852760074660182,,,,1.4605417251586914,0.390625,6,,,,,,,,,,,,,,,0.0001,12.80727484371927
jerrychsh-ucsd,dreamer4-dynamics,qrmkey4s,pusht-dynamics,jerrychsh-ucsd/dreamer4-dynamics/qrmkey4s,killed,2026-05-02T20:33:10Z,,https://wandb.ai/jerrychsh-ucsd/dreamer4-dynamics/runs/qrmkey4s,23600,0.01007167436182499,,,0.04494592919945717,0.00626023393124342,0.01314565446227789,0.0008497320814058185,,,,1.131583571434021,0.3670247495174408,6,,,,,,,,,,,,,,,0.0001,12.916879841751523
jerrychsh-ucsd,dreamer4-dynamics,qrmkey4s,pusht-dynamics,jerrychsh-ucsd/dreamer4-dynamics/qrmkey4s,killed,2026-05-02T20:33:10Z,,https://wandb.ai/jerrychsh-ucsd/dreamer4-dynamics/runs/qrmkey4s,23800,0.009657878428697586,,,0.04158937186002731,0.007081076502799988,0.012573381885886192,0.0009113659034483135,,,,1.2726199626922607,0.3727213740348816,6,,,,,,,,,,,,,,,0.0001,13.026467427677579
jerrychsh-ucsd,dreamer4-dynamics,qrmkey4s,pusht-dynamics,jerrychsh-ucsd/dreamer4-dynamics/qrmkey4s,killed,2026-05-02T20:33:10Z,,https://wandb.ai/jerrychsh-ucsd/dreamer4-dynamics/runs/qrmkey4s,24000,0.011114033870398998,,,0.04655012488365173,0.005260396748781204,0.014564805664122105,0.0007617151131853461,,,,1.0859794616699219,0.3955078125,6,0.0029831924475729465,0.0023784709628671408,1.254248023033142,25.253189086914062,26.237022399902344,-0.9838333129882812,0.0013768691569566727,0.003254178911447525,0.0024679936468601227,0.00039575863047502935,0.0024904136080294847,0.003908170387148857,,,0.0001,13.136430375576019
jerrychsh-ucsd,dreamer4-dynamics,qrmkey4s,pusht-dynamics,jerrychsh-ucsd/dreamer4-dynamics/qrmkey4s,killed,2026-05-02T20:33:10Z,,https://wandb.ai/jerrychsh-ucsd/dreamer4-dynamics/runs/qrmkey4s,24200,0.008661562576889992,,,0.03585228696465492,0.005606041755527258,0.011279438622295856,0.000807932810857892,,,,1.115899920463562,0.3968099057674408,6,,,,,,,,,,,,,,,0.0001,13.246028146545092
jerrychsh-ucsd,dreamer4-dynamics,qrmkey4s,pusht-dynamics,jerrychsh-ucsd/dreamer4-dynamics/qrmkey4s,killed,2026-05-02T20:33:10Z,,https://wandb.ai/jerrychsh-ucsd/dreamer4-dynamics/runs/qrmkey4s,24400,0.00932454876601696,,,0.04183102399110794,0.007452985271811485,0.012080973945558071,0.001055270666256547,,,,1.0536587238311768,0.3766276240348816,6,,,,,,,,,,,,,,,0.0001,13.35565372718705
jerrychsh-ucsd,dreamer4-dynamics,qrmkey4s,pusht-dynamics,jerrychsh-ucsd/dreamer4-dynamics/qrmkey4s,killed,2026-05-02T20:33:10Z,,https://wandb.ai/jerrychsh-ucsd/dreamer4-dynamics/runs/qrmkey4s,24600,0.010430220514535904,,,0.04889649897813797,0.0066408803686499596,0.013609824702143669,0.0008914051577448845,,,,1.0373728275299072,0.3844401240348816,6,,,,,,,,,,,,,,,0.0001,13.465286548137664
jerrychsh-ucsd,dreamer4-dynamics,qrmkey4s,pusht-dynamics,jerrychsh-ucsd/dreamer4-dynamics/qrmkey4s,killed,2026-05-02T20:33:10Z,,https://wandb.ai/jerrychsh-ucsd/dreamer4-dynamics/runs/qrmkey4s,24800,0.008495483547449112,,,0.034690011292696,0.0058617135509848595,0.011058268137276173,0.0008071259362623096,,,,1.127929449081421,0.3782552182674408,6,,,,,,,,,,,,,,,0.0001,13.574924013084836
jerrychsh-ucsd,dreamer4-dynamics,qrmkey4s,pusht-dynamics,jerrychsh-ucsd/dreamer4-dynamics/qrmkey4s,killed,2026-05-02T20:33:10Z,,https://wandb.ai/jerrychsh-ucsd/dreamer4-dynamics/runs/qrmkey4s,25000,0.009588591754436493,,,0.03908954933285713,0.004688320681452751,0.012565437704324722,0.0006580515764653683,,,,1.1811292171478271,0.4000651240348816,6,0.0036586502101272345,0.0018868668703362346,1.939008116722107,24.366790771484375,27.24258804321289,-2.8757972717285156,0.0022583717945963144,0.004436920862644911,0.0030686487443745136,0.000799789559096098,0.0018390510231256485,0.0025377299170941114,,,0.0001,13.68489656375514
jerrychsh-ucsd,dreamer4-dynamics,qrmkey4s,pusht-dynamics,jerrychsh-ucsd/dreamer4-dynamics/qrmkey4s,killed,2026-05-02T20:33:10Z,,https://wandb.ai/jerrychsh-ucsd/dreamer4-dynamics/runs/qrmkey4s,25200,0.009680164977908134,,,0.0379900224506855,0.008561331778764725,0.012548165395855904,0.0010761622106656432,,,,1.148495078086853,0.38818359375,6,,,,,,,,,,,,,,,0.0001,13.794499799940322
jerrychsh-ucsd,dreamer4-dynamics,qrmkey4s,pusht-dynamics,jerrychsh-ucsd/dreamer4-dynamics/qrmkey4s,killed,2026-05-02T20:33:10Z,,https://wandb.ai/jerrychsh-ucsd/dreamer4-dynamics/runs/qrmkey4s,25400,0.009606152772903442,,,0.03826805204153061,0.013643241487443447,0.012184438295662403,0.0018712946912273765,,,,1.1564470529556274,0.36767578125,6,,,,,,,,,,,,,,,0.0001,13.904101326730515
jerrychsh-ucsd,dreamer4-dynamics,qrmkey4s,pusht-dynamics,jerrychsh-ucsd/dreamer4-dynamics/qrmkey4s,killed,2026-05-02T20:33:10Z,,https://wandb.ai/jerrychsh-ucsd/dreamer4-dynamics/runs/qrmkey4s,25600,0.009353205561637878,,,0.04122396931052208,0.008695600554347038,0.012101449072360992,0.0011084720026701689,,,,1.1160436868667603,0.3753255307674408,6,,,,,,,,,,,,,,,0.0001,14.013694356679917
jerrychsh-ucsd,dreamer4-dynamics,qrmkey4s,pusht-dynamics,jerrychsh-ucsd/dreamer4-dynamics/qrmkey4s,killed,2026-05-02T20:33:10Z,,https://wandb.ai/jerrychsh-ucsd/dreamer4-dynamics/runs/qrmkey4s,25800,0.009350313805043697,,,0.03880705311894417,0.005994198378175497,0.012200207449495792,0.0008006320567801595,,,,1.1640490293502808,0.3933919370174408,6,,,,,,,,,,,,,,,0.0001,14.123313722809156
jerrychsh-ucsd,dreamer4-dynamics,qrmkey4s,pusht-dynamics,jerrychsh-ucsd/dreamer4-dynamics/qrmkey4s,killed,2026-05-02T20:33:10Z,,https://wandb.ai/jerrychsh-ucsd/dreamer4-dynamics/runs/qrmkey4s,26000,0.0083304513245821,,,0.036619920283555984,0.005128926131874323,0.010872932150959969,0.0007030090782791376,,,,1.162359595298767,0.3818359375,6,0.003293971996754408,0.0036716186441481113,0.8971443772315979,24.822799682617188,24.351425170898438,0.47137451171875,0.0019067780813202262,0.003596549853682518,0.0036032889038324356,0.0008847066201269627,0.004234731197357178,0.004549404606223106,,,0.0001,14.233269970085885
jerrychsh-ucsd,dreamer4-dynamics,qrmkey4s,pusht-dynamics,jerrychsh-ucsd/dreamer4-dynamics/qrmkey4s,killed,2026-05-02T20:33:10Z,,https://wandb.ai/jerrychsh-ucsd/dreamer4-dynamics/runs/qrmkey4s,26200,0.008856980130076408,,,0.034997422248125076,0.007962754927575588,0.011470925994217396,0.0010151420719921589,,,,0.9993101954460144,0.3912760615348816,6,,,,,,,,,,,,,,,0.0001,14.342906490564346
jerrychsh-ucsd,dreamer4-dynamics,qrmkey4s,pusht-dynamics,jerrychsh-ucsd/dreamer4-dynamics/qrmkey4s,killed,2026-05-02T20:33:10Z,,https://wandb.ai/jerrychsh-ucsd/dreamer4-dynamics/runs/qrmkey4s,26400,0.010097917169332504,,,0.04279400780797005,0.005889093037694693,0.013210790231823921,0.0007592971669510007,,,,1.055273175239563,0.3655599057674408,6,,,,,,,,,,,,,,,0.0001,14.452567408018641
jerrychsh-ucsd,dreamer4-dynamics,qrmkey4s,pusht-dynamics,jerrychsh-ucsd/dreamer4-dynamics/qrmkey4s,killed,2026-05-02T20:33:10Z,,https://wandb.ai/jerrychsh-ucsd/dreamer4-dynamics/runs/qrmkey4s,26600,0.009280342608690262,,,0.0400187149643898,0.008120769634842873,0.01195323932915926,0.0012616494204849005,,,,1.1484174728393555,0.3639323115348816,6,,,,,,,,,,,,,,,0.0001,14.562175898353258
jerrychsh-ucsd,dreamer4-dynamics,qrmkey4s,pusht-dynamics,jerrychsh-ucsd/dreamer4-dynamics/qrmkey4s,killed,2026-05-02T20:33:10Z,,https://wandb.ai/jerrychsh-ucsd/dreamer4-dynamics/runs/qrmkey4s,26800,0.008848186582326889,,,0.037325646728277206,0.006759708747267723,0.011493349447846413,0.0009126961231231689,,,,1.3030518293380737,0.384765625,6,,,,,,,,,,,,,,,0.0001,14.671796461145084
jerrychsh-ucsd,dreamer4-dynamics,qrmkey4s,pusht-dynamics,jerrychsh-ucsd/dreamer4-dynamics/qrmkey4s,killed,2026-05-02T20:33:10Z,,https://wandb.ai/jerrychsh-ucsd/dreamer4-dynamics/runs/qrmkey4s,27000,0.009667431935667992,,,0.043537504971027374,0.007168172858655453,0.012583252973854542,0.0009199683554470539,,,,1.2087249755859375,0.3738606870174408,6,0.003590667387470603,0.002178733004257083,1.6480529308319092,24.44824981689453,26.617961883544922,-2.1697120666503906,0.002200270304456353,0.004594549536705017,0.003285908605903387,0.0006854073144495487,0.0021681070793420076,0.003457216313108802,,,0.0001,14.781757413016425
jerrychsh-ucsd,dreamer4-dynamics,qrmkey4s,pusht-dynamics,jerrychsh-ucsd/dreamer4-dynamics/qrmkey4s,killed,2026-05-02T20:33:10Z,,https://wandb.ai/jerrychsh-ucsd/dreamer4-dynamics/runs/qrmkey4s,27200,0.008758495561778545,,,0.03683323413133621,0.008263329975306988,0.011293035931885242,0.001154872588813305,,,,1.127168893814087,0.37841796875,6,,,,,,,,,,,,,,,0.0001,14.891376344362895
jerrychsh-ucsd,dreamer4-dynamics,qrmkey4s,pusht-dynamics,jerrychsh-ucsd/dreamer4-dynamics/qrmkey4s,killed,2026-05-02T20:33:10Z,,https://wandb.ai/jerrychsh-ucsd/dreamer4-dynamics/runs/qrmkey4s,27400,0.010698958300054073,,,0.046753134578466415,0.010108746588230133,0.013863691128790379,0.0012047586496919394,,,,1.107722520828247,0.3795573115348816,6,,,,,,,,,,,,,,,0.0001,15.001011890305413
jerrychsh-ucsd,dreamer4-dynamics,qrmkey4s,pusht-dynamics,jerrychsh-ucsd/dreamer4-dynamics/qrmkey4s,killed,2026-05-02T20:33:10Z,,https://wandb.ai/jerrychsh-ucsd/dreamer4-dynamics/runs/qrmkey4s,27600,0.008661359548568726,,,0.037326913326978683,0.005205477587878704,0.011298388242721558,0.0007502720691263676,,,,1.1212775707244873,0.3946940302848816,6,,,,,,,,,,,,,,,0.0001,15.11062750617663
jerrychsh-ucsd,dreamer4-dynamics,qrmkey4s,pusht-dynamics,jerrychsh-ucsd/dreamer4-dynamics/qrmkey4s,killed,2026-05-02T20:33:10Z,,https://wandb.ai/jerrychsh-ucsd/dreamer4-dynamics/runs/qrmkey4s,27800,0.009526182897388935,,,0.04162277281284332,0.004315717611461878,0.012499990873038769,0.0006047589122317731,,,,1.0259047746658325,0.3935546875,6,,,,,,,,,,,,,,,0.0001,15.220252550443014
jerrychsh-ucsd,dreamer4-dynamics,qrmkey4s,pusht-dynamics,jerrychsh-ucsd/dreamer4-dynamics/qrmkey4s,killed,2026-05-02T20:33:10Z,,https://wandb.ai/jerrychsh-ucsd/dreamer4-dynamics/runs/qrmkey4s,28000,0.00984520185738802,,,0.04246702790260315,0.006895033642649651,0.012830776162445545,0.0008884773124009371,,,,1.116575837135315,0.3878580927848816,6,0.0025790310464799404,0.001865255180746317,1.3826693296432495,25.885433197021484,27.292617797851562,-1.4071846008300781,0.0015091750537976623,0.0029679422732442617,0.00236118515022099,0.00044909989810548723,0.0020584161393344402,0.0028564268723130226,,,0.0001,15.330217015014755
jerrychsh-ucsd,dreamer4-dynamics,qrmkey4s,pusht-dynamics,jerrychsh-ucsd/dreamer4-dynamics/qrmkey4s,killed,2026-05-02T20:33:10Z,,https://wandb.ai/jerrychsh-ucsd/dreamer4-dynamics/runs/qrmkey4s,28200,0.00916421227157116,,,0.038600724190473557,0.006686236709356308,0.011920864693820477,0.000894256285391748,,,,1.1518945693969727,0.3810221552848816,6,,,,,,,,,,,,,,,0.0001,15.439873167475065
jerrychsh-ucsd,dreamer4-dynamics,qrmkey4s,pusht-dynamics,jerrychsh-ucsd/dreamer4-dynamics/qrmkey4s,killed,2026-05-02T20:33:10Z,,https://wandb.ai/jerrychsh-ucsd/dreamer4-dynamics/runs/qrmkey4s,28400,0.009832214564085007,,,0.040598463267087936,0.007527685724198818,0.012797332368791103,0.0009368582395836711,,,,1.2334673404693604,0.37646484375,6,,,,,,,,,,,,,,,0.0001,15.549507259858979
jerrychsh-ucsd,dreamer4-dynamics,qrmkey4s,pusht-dynamics,jerrychsh-ucsd/dreamer4-dynamics/qrmkey4s,killed,2026-05-02T20:33:10Z,,https://wandb.ai/jerrychsh-ucsd/dreamer4-dynamics/runs/qrmkey4s,28600,0.009741943329572678,,,0.04494296759366989,0.0038249297067523003,0.012787950225174427,0.0006039200816303492,,,,1.096815586090088,0.3982747495174408,6,,,,,,,,,,,,,,,0.0001,15.659154011673397
jerrychsh-ucsd,dreamer4-dynamics,qrmkey4s,pusht-dynamics,jerrychsh-ucsd/dreamer4-dynamics/qrmkey4s,killed,2026-05-02T20:33:10Z,,https://wandb.ai/jerrychsh-ucsd/dreamer4-dynamics/runs/qrmkey4s,28800,0.008485149592161179,,,0.040355462580919266,0.0033265629317611456,0.011153623461723328,0.00047972885658964515,,,,1.2238649129867554,0.38525390625,6,,,,,,,,,,,,,,,0.0001,15.768761633237203
jerrychsh-ucsd,dreamer4-dynamics,qrmkey4s,pusht-dynamics,jerrychsh-ucsd/dreamer4-dynamics/qrmkey4s,killed,2026-05-02T20:33:10Z,,https://wandb.ai/jerrychsh-ucsd/dreamer4-dynamics/runs/qrmkey4s,29000,0.009486603550612926,,,0.03861177712678909,0.006158036179840565,0.012369109317660332,0.0008390835719183087,,,,1.2026023864746094,0.3688151240348816,6,0.0034123510122299194,0.0021889042109251022,1.5589312314987183,24.669464111328125,26.597732543945312,-1.9282684326171875,0.00189210323151201,0.00407803151756525,0.003448114264756441,0.0004413996357470751,0.0022972067818045616,0.003501551691442728,,,0.0001,15.87874797973368
jerrychsh-ucsd,dreamer4-dynamics,qrmkey4s,pusht-dynamics,jerrychsh-ucsd/dreamer4-dynamics/qrmkey4s,killed,2026-05-02T20:33:10Z,,https://wandb.ai/jerrychsh-ucsd/dreamer4-dynamics/runs/qrmkey4s,29200,0.008366862311959267,,,0.03439370170235634,0.005000665783882141,0.010931486263871193,0.0006729891756549478,,,,1.2125725746154785,0.4025065302848816,6,,,,,,,,,,,,,,,0.0001,15.988345698250665
jerrychsh-ucsd,dreamer4-dynamics,qrmkey4s,pusht-dynamics,jerrychsh-ucsd/dreamer4-dynamics/qrmkey4s,killed,2026-05-02T20:33:10Z,,https://wandb.ai/jerrychsh-ucsd/dreamer4-dynamics/runs/qrmkey4s,29400,0.009644321165978909,,,0.04047643020749092,0.006483178120106459,0.012567751109600067,0.0008740295888856053,,,,1.274763822555542,0.3795573115348816,6,,,,,,,,,,,,,,,0.0001,16.097952875958548
jerrychsh-ucsd,dreamer4-dynamics,qrmkey4s,pusht-dynamics,jerrychsh-ucsd/dreamer4-dynamics/qrmkey4s,killed,2026-05-02T20:33:10Z,,https://wandb.ai/jerrychsh-ucsd/dreamer4-dynamics/runs/qrmkey4s,29600,0.008687823079526424,,,0.03320488706231117,0.007743561640381813,0.01125671062618494,0.000981160206720233,,,,1.179517388343811,0.38232421875,6,,,,,,,,,,,,,,,0.0001,16.207578418519763
jerrychsh-ucsd,dreamer4-dynamics,qrmkey4s,pusht-dynamics,jerrychsh-ucsd/dreamer4-dynamics/qrmkey4s,killed,2026-05-02T20:33:10Z,,https://wandb.ai/jerrychsh-ucsd/dreamer4-dynamics/runs/qrmkey4s,29800,0.009632617235183716,,,0.03887005150318146,0.005566265434026718,0.012588020414113998,0.0007664053700864315,,,,1.0217667818069458,0.37841796875,6,,,,,,,,,,,,,,,0.0001,16.317209788892004
jerrychsh-ucsd,dreamer4-dynamics,qrmkey4s,pusht-dynamics,jerrychsh-ucsd/dreamer4-dynamics/qrmkey4s,killed,2026-05-02T20:33:10Z,,https://wandb.ai/jerrychsh-ucsd/dreamer4-dynamics/runs/qrmkey4s,30000,0.00951031967997551,,,0.04102839156985283,0.007931161671876907,0.012285073287785053,0.0011860551312565804,,,,1.0950031280517578,0.3826497495174408,6,0.0035409266129136086,0.0023908058647066355,1.4810599088668823,24.508831024169922,26.214557647705078,-1.7057266235351562,0.0023020408116281033,0.004334267228841782,0.0034344568848609924,0.0005992816877551377,0.0025693541392683983,0.003808335168287158,,,0.0001,16.42718722946114
jerrychsh-ucsd,dreamer4-dynamics,qrmkey4s,pusht-dynamics,jerrychsh-ucsd/dreamer4-dynamics/qrmkey4s,killed,2026-05-02T20:33:10Z,,https://wandb.ai/jerrychsh-ucsd/dreamer4-dynamics/runs/qrmkey4s,30200,0.00869138166308403,,,0.034549541771411896,0.010751856490969658,0.011166487820446491,0.0012660590000450611,,,,1.1397663354873657,0.37939453125,6,,,,,,,,,,,,,,,0.0001,16.536981128520434
jerrychsh-ucsd,dreamer4-dynamics,qrmkey4s,pusht-dynamics,jerrychsh-ucsd/dreamer4-dynamics/qrmkey4s,killed,2026-05-02T20:33:10Z,,https://wandb.ai/jerrychsh-ucsd/dreamer4-dynamics/runs/qrmkey4s,30400,0.009021212346851826,,,0.0389690175652504,0.008325550705194473,0.011634645983576775,0.001180908759124577,,,,1.159440040588379,0.3839518427848816,6,,,,,,,,,,,,,,,0.0001,16.646597871250577
jerrychsh-ucsd,dreamer4-dynamics,qrmkey4s,pusht-dynamics,jerrychsh-ucsd/dreamer4-dynamics/qrmkey4s,killed,2026-05-02T20:33:10Z,,https://wandb.ai/jerrychsh-ucsd/dreamer4-dynamics/runs/qrmkey4s,30600,0.010777278803288937,,,0.04519852623343468,0.007179544772952795,0.014063249342143536,0.0009193687583319843,,,,1.0811233520507812,0.3990885615348816,6,,,,,,,,,,,,,,,0.0001,16.75621697664261
jerrychsh-ucsd,dreamer4-dynamics,qrmkey4s,pusht-dynamics,jerrychsh-ucsd/dreamer4-dynamics/qrmkey4s,killed,2026-05-02T20:33:10Z,,https://wandb.ai/jerrychsh-ucsd/dreamer4-dynamics/runs/qrmkey4s,30800,0.009114071726799011,,,0.039952848106622696,0.00817914493381977,0.011775900609791279,0.0011285830987617373,,,,1.2611294984817505,0.39208984375,6,,,,,,,,,,,,,,,0.0001,16.865820590787465
jerrychsh-ucsd,dreamer4-dynamics,qrmkey4s,pusht-dynamics,jerrychsh-ucsd/dreamer4-dynamics/qrmkey4s,killed,2026-05-02T20:33:10Z,,https://wandb.ai/jerrychsh-ucsd/dreamer4-dynamics/runs/qrmkey4s,31000,0.009745346382260323,,,0.04235457628965378,0.006268363445997238,0.012731187976896763,0.0007878221804276109,,,,1.1040388345718384,0.3779296875,6,0.002789035439491272,0.0028709208127111197,0.9714776873588562,25.545461654663086,25.419788360595703,0.1256732940673828,0.0014577260008081794,0.003309898544102907,0.002925122855231166,0.0007996635395102203,0.003091597929596901,0.0036723518278449774,,,0.0001,16.975755680667028
jerrychsh-ucsd,dreamer4-dynamics,qrmkey4s,pusht-dynamics,jerrychsh-ucsd/dreamer4-dynamics/qrmkey4s,killed,2026-05-02T20:33:10Z,,https://wandb.ai/jerrychsh-ucsd/dreamer4-dynamics/runs/qrmkey4s,31200,0.00851703342050314,,,0.03487377613782883,0.005943179130554199,0.011074778623878956,0.0008437951910309494,,,,1.3138600587844849,0.39599609375,6,,,,,,,,,,,,,,,0.0001,17.085372696585125
jerrychsh-ucsd,dreamer4-dynamics,qrmkey4s,pusht-dynamics,jerrychsh-ucsd/dreamer4-dynamics/qrmkey4s,killed,2026-05-02T20:33:10Z,,https://wandb.ai/jerrychsh-ucsd/dreamer4-dynamics/runs/qrmkey4s,31400,0.00916348211467266,,,0.042863454669713974,0.007109116762876511,0.011907334439456463,0.00093192292843014,,,,1.0320069789886475,0.3707682490348816,6,,,,,,,,,,,,,,,0.0001,17.194920905099973
jerrychsh-ucsd,dreamer4-dynamics,qrmkey4s,pusht-dynamics,jerrychsh-ucsd/dreamer4-dynamics/qrmkey4s,killed,2026-05-02T20:33:10Z,,https://wandb.ai/jerrychsh-ucsd/dreamer4-dynamics/runs/qrmkey4s,31600,0.009386811405420303,,,0.04238955304026604,0.005400327034294605,0.012274831533432007,0.0007227500900626183,,,,1.1239290237426758,0.3834635615348816,6,,,,,,,,,,,,,,,0.0001,17.304457865953445
jerrychsh-ucsd,dreamer4-dynamics,qrmkey4s,pusht-dynamics,jerrychsh-ucsd/dreamer4-dynamics/qrmkey4s,killed,2026-05-02T20:33:10Z,,https://wandb.ai/jerrychsh-ucsd/dreamer4-dynamics/runs/qrmkey4s,31800,0.009387994185090065,,,0.03741432726383209,0.005519222468137741,0.012279916554689407,0.0007122255628928542,,,,1.3133407831192017,0.3837890625,6,,,,,,,,,,,,,,,0.0001,17.414034888744354
jerrychsh-ucsd,dreamer4-dynamics,qrmkey4s,pusht-dynamics,jerrychsh-ucsd/dreamer4-dynamics/qrmkey4s,killed,2026-05-02T20:33:10Z,,https://wandb.ai/jerrychsh-ucsd/dreamer4-dynamics/runs/qrmkey4s,32000,0.009848492220044136,,,0.04698391258716583,0.0063330139964818954,0.012805079109966755,0.00097872712649405,,,,1.2519028186798096,0.3792317807674408,6,0.003979903645813465,0.003929405938833952,1.0128512382507324,24.00127601623535,24.056732177734375,-0.05545616149902344,0.0023842849768698215,0.004277724772691727,0.004299111198633909,0.0008072773343883455,0.0045780157670378685,0.004852140322327614,,,0.0001,17.523977980679938
jerrychsh-ucsd,dreamer4-dynamics,qrmkey4s,pusht-dynamics,jerrychsh-ucsd/dreamer4-dynamics/qrmkey4s,killed,2026-05-02T20:33:10Z,,https://wandb.ai/jerrychsh-ucsd/dreamer4-dynamics/runs/qrmkey4s,32200,0.009942392818629742,,,0.04580460116267204,0.005769005045294762,0.012957398779690266,0.0008973718504421413,,,,1.1135988235473633,0.3880208432674408,6,,,,,,,,,,,,,,,0.0001,17.633586021727986
jerrychsh-ucsd,dreamer4-dynamics,qrmkey4s,pusht-dynamics,jerrychsh-ucsd/dreamer4-dynamics/qrmkey4s,killed,2026-05-02T20:33:10Z,,https://wandb.ai/jerrychsh-ucsd/dreamer4-dynamics/runs/qrmkey4s,32400,0.009643341414630413,,,0.04001343995332718,0.005563731770962477,0.012590192258358002,0.0008027878357097507,,,,1.2419865131378174,0.3787434995174408,6,,,,,,,,,,,,,,,0.0001,17.743206753797
jerrychsh-ucsd,dreamer4-dynamics,qrmkey4s,pusht-dynamics,jerrychsh-ucsd/dreamer4-dynamics/qrmkey4s,killed,2026-05-02T20:33:10Z,,https://wandb.ai/jerrychsh-ucsd/dreamer4-dynamics/runs/qrmkey4s,32600,0.009021083824336529,,,0.03784520924091339,0.004901234991848469,0.01179523952305317,0.0006986148655414581,,,,1.1493791341781616,0.3753255307674408,6,,,,,,,,,,,,,,,0.0001,17.852831947406134
jerrychsh-ucsd,dreamer4-dynamics,qrmkey4s,pusht-dynamics,jerrychsh-ucsd/dreamer4-dynamics/qrmkey4s,killed,2026-05-02T20:33:10Z,,https://wandb.ai/jerrychsh-ucsd/dreamer4-dynamics/runs/qrmkey4s,32800,0.008881445042788982,,,0.040809571743011475,0.0038446502294391394,0.011644156649708748,0.0005933105712756515,,,,1.0962589979171753,0.3766276240348816,6,,,,,,,,,,,,,,,0.0001,17.962468132575353
jerrychsh-ucsd,dreamer4-dynamics,qrmkey4s,pusht-dynamics,jerrychsh-ucsd/dreamer4-dynamics/qrmkey4s,killed,2026-05-02T20:33:10Z,,https://wandb.ai/jerrychsh-ucsd/dreamer4-dynamics/runs/qrmkey4s,33000,0.008275076746940613,,,0.03556891903281212,0.008167360909283161,0.010699520818889141,0.001001744531095028,,,,1.309610366821289,0.3759765625,6,0.0027505613397806883,0.003011134220287204,0.9134635329246521,25.605789184570312,25.21269989013672,0.39308929443359375,0.0013061121571809053,0.0032009496353566647,0.0028682108968496323,0.0006481894524767995,0.0028975047171115875,0.004768921062350273,,,0.0001,18.07239540047116
jerrychsh-ucsd,dreamer4-dynamics,qrmkey4s,pusht-dynamics,jerrychsh-ucsd/dreamer4-dynamics/qrmkey4s,killed,2026-05-02T20:33:10Z,,https://wandb.ai/jerrychsh-ucsd/dreamer4-dynamics/runs/qrmkey4s,33200,0.00815618596971035,,,0.03285733237862587,0.0063558961264789104,0.010568961501121521,0.0009178583277389407,,,,1.1695810556411743,0.3907877802848816,6,,,,,,,,,,,,,,,0.0001,18.1819990010394
jerrychsh-ucsd,dreamer4-dynamics,qrmkey4s,pusht-dynamics,jerrychsh-ucsd/dreamer4-dynamics/qrmkey4s,killed,2026-05-02T20:33:10Z,,https://wandb.ai/jerrychsh-ucsd/dreamer4-dynamics/runs/qrmkey4s,33400,0.00931224413216114,,,0.04081730172038078,0.009593626484274864,0.012005512602627277,0.001232434413395822,,,,1.1150989532470703,0.37646484375,6,,,,,,,,,,,,,,,0.0001,18.29159269909064
jerrychsh-ucsd,dreamer4-dynamics,qrmkey4s,pusht-dynamics,jerrychsh-ucsd/dreamer4-dynamics/qrmkey4s,killed,2026-05-02T20:33:10Z,,https://wandb.ai/jerrychsh-ucsd/dreamer4-dynamics/runs/qrmkey4s,33600,0.008508166298270226,,,0.03429514914751053,0.0072168102487921715,0.011026431806385517,0.0009533694828860462,,,,1.2040964365005493,0.3772786557674408,6,,,,,,,,,,,,,,,0.0001,18.401232981615596
jerrychsh-ucsd,dreamer4-dynamics,qrmkey4s,pusht-dynamics,jerrychsh-ucsd/dreamer4-dynamics/qrmkey4s,killed,2026-05-02T20:33:10Z,,https://wandb.ai/jerrychsh-ucsd/dreamer4-dynamics/runs/qrmkey4s,33800,0.008700799196958542,,,0.037226758897304535,0.006031672470271587,0.011334910057485104,0.0007984663243405521,,,,1.1690171957015991,0.3763020932674408,6,,,,,,,,,,,,,,,0.0001,18.51083791838752
jerrychsh-ucsd,dreamer4-dynamics,qrmkey4s,pusht-dynamics,jerrychsh-ucsd/dreamer4-dynamics/qrmkey4s,killed,2026-05-02T20:33:10Z,,https://wandb.ai/jerrychsh-ucsd/dreamer4-dynamics/runs/qrmkey4s,34000,0.009187156334519386,,,0.04287964850664139,0.0061167022213339806,0.011984588578343391,0.0007948606507852674,,,,1.158286213874817,0.38037109375,6,0.0026922710239887238,0.002091408474370837,1.28730046749115,25.698814392089844,26.795612335205078,-1.0967979431152344,0.0014214863767847419,0.0030106487683951855,0.0028000343590974808,0.0003645111573860049,0.002250765450298786,0.0033633424900472164,,,0.0001,18.620795873072414
jerrychsh-ucsd,dreamer4-dynamics,qrmkey4s,pusht-dynamics,jerrychsh-ucsd/dreamer4-dynamics/qrmkey4s,killed,2026-05-02T20:33:10Z,,https://wandb.ai/jerrychsh-ucsd/dreamer4-dynamics/runs/qrmkey4s,34200,0.008945210836827755,,,0.03912784159183502,0.007956227287650108,0.01159712951630354,0.0009894534014165401,,,,1.2673207521438599,0.37646484375,6,,,,,,,,,,,,,,,0.0001,18.73042714589172
jerrychsh-ucsd,dreamer4-dynamics,qrmkey4s,pusht-dynamics,jerrychsh-ucsd/dreamer4-dynamics/qrmkey4s,killed,2026-05-02T20:33:10Z,,https://wandb.ai/jerrychsh-ucsd/dreamer4-dynamics/runs/qrmkey4s,34400,0.009339919313788414,,,0.041838765144348145,0.008469639346003532,0.012087367475032806,0.0010975736659020185,,,,1.2437374591827393,0.3849284052848816,6,,,,,,,,,,,,,,,0.0001,18.84005326039261
jerrychsh-ucsd,dreamer4-dynamics,qrmkey4s,pusht-dynamics,jerrychsh-ucsd/dreamer4-dynamics/qrmkey4s,killed,2026-05-02T20:33:10Z,,https://wandb.ai/jerrychsh-ucsd/dreamer4-dynamics/runs/qrmkey4s,34600,0.008619126863777637,,,0.03298211842775345,0.004831829108297825,0.01128022838383913,0.000635819393210113,,,,1.3160427808761597,0.3958333432674408,6,,,,,,,,,,,,,,,0.0001,18.94968162741926
jerrychsh-ucsd,dreamer4-dynamics,qrmkey4s,pusht-dynamics,jerrychsh-ucsd/dreamer4-dynamics/qrmkey4s,killed,2026-05-02T20:33:10Z,,https://wandb.ai/jerrychsh-ucsd/dreamer4-dynamics/runs/qrmkey4s,34800,0.00887807086110115,,,0.0396617129445076,0.005744515918195248,0.011575917713344097,0.0007845286745578051,,,,1.0744009017944336,0.3722330927848816,6,,,,,,,,,,,,,,,0.0001,19.05931748304102
jerrychsh-ucsd,dreamer4-dynamics,qrmkey4s,pusht-dynamics,jerrychsh-ucsd/dreamer4-dynamics/qrmkey4s,killed,2026-05-02T20:33:10Z,,https://wandb.ai/jerrychsh-ucsd/dreamer4-dynamics/runs/qrmkey4s,35000,0.009095056913793087,,,0.039038654416799545,0.010906422510743141,0.011667957529425621,0.0013763532042503357,,,,1.190582513809204,0.3816731870174408,6,0.004484015516936779,0.0037560579366981983,1.193808913230896,23.48332977294922,24.2526798248291,-0.7693500518798828,0.00182940938975662,0.005687439348548651,0.004752656444907188,0.0006704498082399368,0.004155784845352173,0.005579560995101929,,,0.0001,19.169270247088537
jerrychsh-ucsd,dreamer4-dynamics,qrmkey4s,pusht-dynamics,jerrychsh-ucsd/dreamer4-dynamics/qrmkey4s,killed,2026-05-02T20:33:10Z,,https://wandb.ai/jerrychsh-ucsd/dreamer4-dynamics/runs/qrmkey4s,35200,0.008743297308683395,,,0.040462326258420944,0.00568690150976181,0.011387416161596775,0.0008109377231448889,,,,1.1667981147766113,0.3792317807674408,6,,,,,,,,,,,,,,,0.0001,19.2788511641158
jerrychsh-ucsd,dreamer4-dynamics,qrmkey4s,pusht-dynamics,jerrychsh-ucsd/dreamer4-dynamics/qrmkey4s,killed,2026-05-02T20:33:10Z,,https://wandb.ai/jerrychsh-ucsd/dreamer4-dynamics/runs/qrmkey4s,35400,0.009282311424612999,,,0.04283918812870979,0.0041966428980231285,0.012162025086581707,0.0006431708461605012,,,,1.1536946296691895,0.3818359375,6,,,,,,,,,,,,,,,0.0001,19.388473726511002
jerrychsh-ucsd,dreamer4-dynamics,qrmkey4s,pusht-dynamics,jerrychsh-ucsd/dreamer4-dynamics/qrmkey4s,killed,2026-05-02T20:33:10Z,,https://wandb.ai/jerrychsh-ucsd/dreamer4-dynamics/runs/qrmkey4s,35600,0.008414923213422298,,,0.03759562224149704,0.005447897594422102,0.010962745174765587,0.0007714562816545367,,,,1.219421148300171,0.3802083432674408,6,,,,,,,,,,,,,,,0.0001,19.498085734910436
jerrychsh-ucsd,dreamer4-dynamics,qrmkey4s,pusht-dynamics,jerrychsh-ucsd/dreamer4-dynamics/qrmkey4s,killed,2026-05-02T20:33:10Z,,https://wandb.ai/jerrychsh-ucsd/dreamer4-dynamics/runs/qrmkey4s,35800,0.008645704947412014,,,0.039312828332185745,0.004406819120049477,0.01129701267927885,0.0006917802384123206,,,,1.1845070123672485,0.3933919370174408,6,,,,,,,,,,,,,,,0.0001,19.60770137819979
jerrychsh-ucsd,dreamer4-dynamics,qrmkey4s,pusht-dynamics,jerrychsh-ucsd/dreamer4-dynamics/qrmkey4s,killed,2026-05-02T20:33:10Z,,https://wandb.ai/jerrychsh-ucsd/dreamer4-dynamics/runs/qrmkey4s,36000,0.008519413881003857,,,0.038734450936317444,0.004050821531563997,0.011157982982695103,0.0006037051789462566,,,,1.0530812740325928,0.3723958432674408,6,0.002860718872398138,0.0013649113243445754,2.0959010124206543,25.43524932861328,28.648956298828125,-3.2137069702148438,0.0016335882246494293,0.0035132928751409054,0.0023537117522209883,0.00041561760008335114,0.0014438533689826727,0.0017970053013414145,,,0.0001,19.71762918856409
jerrychsh-ucsd,dreamer4-dynamics,qrmkey4s,pusht-dynamics,jerrychsh-ucsd/dreamer4-dynamics/qrmkey4s,killed,2026-05-02T20:33:10Z,,https://wandb.ai/jerrychsh-ucsd/dreamer4-dynamics/runs/qrmkey4s,36200,0.008417582139372826,,,0.037229228764772415,0.011489789932966232,0.010742440819740295,0.0014430026058107615,,,,1.2050549983978271,0.37890625,6,,,,,,,,,,,,,,,0.0001,19.827221116489834
jerrychsh-ucsd,dreamer4-dynamics,qrmkey4s,pusht-dynamics,jerrychsh-ucsd/dreamer4-dynamics/qrmkey4s,killed,2026-05-02T20:33:10Z,,https://wandb.ai/jerrychsh-ucsd/dreamer4-dynamics/runs/qrmkey4s,36400,0.007807791233062744,,,0.032468993216753006,0.006795969791710377,0.010115216486155987,0.0008855175110511482,,,,1.2971651554107666,0.3885091245174408,6,,,,,,,,,,,,,,,0.0001,19.93683011505339
jerrychsh-ucsd,dreamer4-dynamics,qrmkey4s,pusht-dynamics,jerrychsh-ucsd/dreamer4-dynamics/qrmkey4s,killed,2026-05-02T20:33:10Z,,https://wandb.ai/jerrychsh-ucsd/dreamer4-dynamics/runs/qrmkey4s,36600,0.008925987407565117,,,0.03889412432909012,0.006363380700349808,0.01162983663380146,0.0008144389721564949,,,,1.2060070037841797,0.3819987177848816,6,,,,,,,,,,,,,,,0.0001,20.04647604359521
jerrychsh-ucsd,dreamer4-dynamics,qrmkey4s,pusht-dynamics,jerrychsh-ucsd/dreamer4-dynamics/qrmkey4s,killed,2026-05-02T20:33:10Z,,https://wandb.ai/jerrychsh-ucsd/dreamer4-dynamics/runs/qrmkey4s,36800,0.007704680785536766,,,0.03285021707415581,0.006950669921934605,0.009977397508919239,0.0008865298004820943,,,,1.1753181219100952,0.3824869990348816,6,,,,,,,,,,,,,,,0.0001,20.156103648079768
jerrychsh-ucsd,dreamer4-dynamics,qrmkey4s,pusht-dynamics,jerrychsh-ucsd/dreamer4-dynamics/qrmkey4s,killed,2026-05-02T20:33:10Z,,https://wandb.ai/jerrychsh-ucsd/dreamer4-dynamics/runs/qrmkey4s,37000,0.009244585409760475,,,0.036647308617830276,0.006919326260685921,0.01204217504709959,0.0008518141694366932,,,,1.2536523342132568,0.3857421875,6,0.0030319939833134413,0.004066170193254948,0.7456633448600769,25.182716369628906,23.90814208984375,1.2745742797851562,0.0019213801715523005,0.0028744619339704514,0.002874531550332904,0.0006291265599429607,0.004364192485809326,0.0058895135298371315,,,0.0001,20.266069363355637
jerrychsh-ucsd,dreamer4-dynamics,qrmkey4s,pusht-dynamics,jerrychsh-ucsd/dreamer4-dynamics/qrmkey4s,killed,2026-05-02T20:33:10Z,,https://wandb.ai/jerrychsh-ucsd/dreamer4-dynamics/runs/qrmkey4s,37200,0.008350139483809471,,,0.033887334167957306,0.006859921850264072,0.01082250289618969,0.000933044939301908,,,,1.4035038948059082,0.3779296875,6,,,,,,,,,,,,,,,0.0001,20.375673063397407
jerrychsh-ucsd,dreamer4-dynamics,qrmkey4s,pusht-dynamics,jerrychsh-ucsd/dreamer4-dynamics/qrmkey4s,killed,2026-05-02T20:33:10Z,,https://wandb.ai/jerrychsh-ucsd/dreamer4-dynamics/runs/qrmkey4s,37400,0.007982726208865643,,,0.0409347303211689,0.0054208338260650635,0.010391195304691792,0.0007573174079880118,,,,1.047420620918274,0.3818359375,6,,,,,,,,,,,,,,,0.0001,20.48529198838605
jerrychsh-ucsd,dreamer4-dynamics,qrmkey4s,pusht-dynamics,jerrychsh-ucsd/dreamer4-dynamics/qrmkey4s,killed,2026-05-02T20:33:10Z,,https://wandb.ai/jerrychsh-ucsd/dreamer4-dynamics/runs/qrmkey4s,37600,0.008054882287979126,,,0.03300878405570984,0.005888388492166996,0.010463239625096321,0.0008298115571960807,,,,1.2068812847137451,0.3673502802848816,6,,,,,,,,,,,,,,,0.0001,20.594915825857058
jerrychsh-ucsd,dreamer4-dynamics,qrmkey4s,pusht-dynamics,jerrychsh-ucsd/dreamer4-dynamics/qrmkey4s,killed,2026-05-02T20:33:10Z,,https://wandb.ai/jerrychsh-ucsd/dreamer4-dynamics/runs/qrmkey4s,37800,0.008195634000003338,,,0.03220788761973381,0.010333980433642864,0.010353018529713154,0.001723479013890028,,,,1.3270306587219238,0.3772786557674408,6,,,,,,,,,,,,,,,0.0001,20.704542276991738
jerrychsh-ucsd,dreamer4-dynamics,qrmkey4s,pusht-dynamics,jerrychsh-ucsd/dreamer4-dynamics/qrmkey4s,killed,2026-05-02T20:33:10Z,,https://wandb.ai/jerrychsh-ucsd/dreamer4-dynamics/runs/qrmkey4s,38000,0.00873559806495905,,,0.037346888333559036,0.005390746518969536,0.011397414840757847,0.000750145991332829,,,,1.3118302822113037,0.3968099057674408,6,0.0033202599734067917,0.0036013908684253693,0.9219382405281067,24.788280487060547,24.435298919677734,0.3529815673828125,0.0017727722879499197,0.0035236419644206762,0.00405813567340374,0.000630489899776876,0.003771050600335002,0.005758337676525116,,,0.0001,20.814473885628914
jerrychsh-ucsd,dreamer4-dynamics,qrmkey4s,pusht-dynamics,jerrychsh-ucsd/dreamer4-dynamics/qrmkey4s,killed,2026-05-02T20:33:10Z,,https://wandb.ai/jerrychsh-ucsd/dreamer4-dynamics/runs/qrmkey4s,38200,0.007646615616977215,,,0.03472641110420227,0.005781534127891064,0.00994048174470663,0.0007650164188817143,,,,1.1485135555267334,0.3603515625,6,,,,,,,,,,,,,,,0.0001,20.92408017496268
jerrychsh-ucsd,dreamer4-dynamics,qrmkey4s,pusht-dynamics,jerrychsh-ucsd/dreamer4-dynamics/qrmkey4s,killed,2026-05-02T20:33:10Z,,https://wandb.ai/jerrychsh-ucsd/dreamer4-dynamics/runs/qrmkey4s,38400,0.007688730489462614,,,0.032340098172426224,0.007357622496783733,0.009942425414919853,0.0009276443161070347,,,,1.2396926879882812,0.3948567807674408,6,,,,,,,,,,,,,,,0.0001,21.033666089574496
jerrychsh-ucsd,dreamer4-dynamics,qrmkey4s,pusht-dynamics,jerrychsh-ucsd/dreamer4-dynamics/qrmkey4s,killed,2026-05-02T20:33:10Z,,https://wandb.ai/jerrychsh-ucsd/dreamer4-dynamics/runs/qrmkey4s,38600,0.009680850431323051,,,0.04556971415877342,0.003943535499274731,0.012721458449959755,0.0005590257933363318,,,,1.0194228887557983,0.400390625,6,,,,,,,,,,,,,,,0.0001,21.1432594912582
jerrychsh-ucsd,dreamer4-dynamics,qrmkey4s,pusht-dynamics,jerrychsh-ucsd/dreamer4-dynamics/qrmkey4s,killed,2026-05-02T20:33:10Z,,https://wandb.ai/jerrychsh-ucsd/dreamer4-dynamics/runs/qrmkey4s,38800,0.008978118188679218,,,0.037654828280210495,0.006347198039293289,0.011696268804371357,0.000823663198389113,,,,1.2405039072036743,0.3876953125,6,,,,,,,,,,,,,,,0.0001,21.252860105435055
jerrychsh-ucsd,dreamer4-dynamics,qrmkey4s,pusht-dynamics,jerrychsh-ucsd/dreamer4-dynamics/qrmkey4s,killed,2026-05-02T20:33:10Z,,https://wandb.ai/jerrychsh-ucsd/dreamer4-dynamics/runs/qrmkey4s,39000,0.008289004676043987,,,0.043211679905653,0.005465914960950613,0.010791422799229622,0.0007817503064870834,,,,1.0888129472732544,0.36865234375,6,0.002636913675814867,0.002035574521869421,1.295414924621582,25.78904151916504,26.913129806518555,-1.1240882873535156,0.0014130701310932636,0.0029845149256289005,0.0025721751153469086,0.00039058655966073275,0.0019329454516991973,0.003099229885265231,,,0.0001,21.362809759378433
jerrychsh-ucsd,dreamer4-dynamics,qrmkey4s,pusht-dynamics,jerrychsh-ucsd/dreamer4-dynamics/qrmkey4s,killed,2026-05-02T20:33:10Z,,https://wandb.ai/jerrychsh-ucsd/dreamer4-dynamics/runs/qrmkey4s,39200,0.008645313791930676,,,0.03546426072716713,0.005566492676734924,0.011264435015618801,0.0007879491313360631,,,,1.273952603340149,0.3740234375,6,,,,,,,,,,,,,,,0.0001,21.472425096498597
jerrychsh-ucsd,dreamer4-dynamics,qrmkey4s,pusht-dynamics,jerrychsh-ucsd/dreamer4-dynamics/qrmkey4s,killed,2026-05-02T20:33:10Z,,https://wandb.ai/jerrychsh-ucsd/dreamer4-dynamics/runs/qrmkey4s,39400,0.009022274985909462,,,0.038513656705617905,0.005026911851018667,0.011801560409367085,0.0006844185991212726,,,,1.278679370880127,0.3836263120174408,6,,,,,,,,,,,,,,,0.0001,21.582048256397247
jerrychsh-ucsd,dreamer4-dynamics,qrmkey4s,pusht-dynamics,jerrychsh-ucsd/dreamer4-dynamics/qrmkey4s,killed,2026-05-02T20:33:10Z,,https://wandb.ai/jerrychsh-ucsd/dreamer4-dynamics/runs/qrmkey4s,39600,0.007828818634152412,,,0.03218918293714523,0.006017794832587242,0.010170284658670425,0.0008044193382374942,,,,1.2100917100906372,0.396484375,6,,,,,,,,,,,,,,,0.0001,21.691640825072923
jerrychsh-ucsd,dreamer4-dynamics,qrmkey4s,pusht-dynamics,jerrychsh-ucsd/dreamer4-dynamics/qrmkey4s,killed,2026-05-02T20:33:10Z,,https://wandb.ai/jerrychsh-ucsd/dreamer4-dynamics/runs/qrmkey4s,39800,0.008622594177722931,,,0.03682669997215271,0.0050175925716757774,0.011261251755058765,0.0007066180696710944,,,,1.3108413219451904,0.4095052182674408,6,,,,,,,,,,,,,,,0.0001,21.801250046160487
